myra;230;nr
marc;218;nom
storitz;212;nr
roderich;210;nr
capitaine;186;nom
haralan;181;nr
wilhelm;156;nr
voir;141;ver
aller;128;ver
docteur;127;nom
ville;118;nom
ragz;118;nr
frère;112;nom
venir;111;ver
répondre;111;ver
heure;102;nom
hôtel;100;nom
stepark;98;nr
prendre;98;ver
maison;95;nom
jour;88;nom
entendre;79;ver
vidal;76;nr
passer;76;ver
grand;76;adj
cher;75;adj
premier;71;adj
porte;67;nom
main;67;nom
rester;65;ver
paraître;64;ver
voix;63;nom
police;62;nom
homme;60;nom
famille;60;nom
demander;60;ver
mariage;56;nom
quitter;55;ver
attendre;55;ver
oeil;54;nom
seul;53;adj
place;53;nom
parler;53;ver
trouver;52;ver
donner;51;ver
temps;50;nom
rendre;50;ver
arriver;50;ver
laisser;49;ver
doute;48;nom
magyar;47;adj
connaître;47;ver
chef;47;nom
près_de;46;adv
moment;46;nom
mettre;46;ver
boulevard;46;nom
arrêter;45;ver
apercevoir;45;ver
effet;44;nom
tenir;42;ver
fille;42;nom
sembler;41;ver
revenir;41;ver
ouvrir;41;ver
jardin;41;nom
fois;41;nom
chambre;41;nom
invisible;40;adj
raison;39;nom
penser;39;ver
chose;39;nom
regard;38;nom
henri;38;nr
reprendre;37;ver
comprendre;37;ver
côté;36;nom
écrier;34;ver
sortir;34;ver
salon;34;nom
fenêtre;34;nom
cathédrale;34;nom
sentir;33;ver
gouverneur;33;nom
dernier;33;adj
agent;33;nom
quai;32;nom
père;32;nom
mot;32;nom
mort;32;nom
allemand;32;adj
parole;31;nom
nom;31;nom
long;31;adj
femme;31;nom
coup;31;nom
voyage;30;nom
tomber;30;ver
rue;30;nom
hermann;30;nr
danube;30;nr
affaire;30;nom
échapper;29;ver
suivre;29;ver
instant;29;nom
bras;29;nom
aussitôt;29;adv
tékéli;28;nr
soirée;28;nom
prononcer;28;ver
peine;28;nom
visiter;27;ver
valoir;27;ver
tour;27;nom
pest;27;nr
partir;27;ver
mère;27;nom
lieutenant;27;nom
entrer;27;ver
corps;27;nom
spremberg;26;nr
sorte;26;nom
répéter;26;ver
part;26;nom
nuit;26;nom
esprit;26;nom
descendre;26;ver
plutôt;25;adv
monde;25;nom
milieu;25;nom
galerie;25;nom
foule;25;nom
couronne;25;nom
ami;25;nom
ajouter;25;ver
traverser;24;ver
secret;24;nom
retourner;24;ver
pied;24;nom
oublier;24;ver
otto;24;nr
recevoir;23;ver
pousser;23;ver
nouveau;23;adj
incident;23;nom
hongrie;23;nr
haut;23;adj
garder;23;ver
cour;23;nom
bruit;23;nom
veille;22;nom
présence;22;nom
impossible;22;adj
cas;22;nom
cabinet;22;nom
souvenir;21;ver
situation;21;nom
regarder;21;ver
produire;21;ver
permettre;21;ver
occuper;21;ver
fleuve;21;nom
fils;21;nom
belvédère;21;nom
île;20;nom
travers;20;nom
question;20;nom
lieu;20;nom
départ;20;nom
commencer;20;ver
beau;20;adj
étonner;19;ver
époux;19;nom
saisir;19;ver
rive;19;nom
rentrer;19;ver
rencontrer;19;ver
fermer;19;ver
cérémonie;19;nom
courant;19;nom
contenir;19;ver
chercher;19;ver
armgard;19;nr
air;19;nom
achever;19;ver
accompagner;19;ver
tête;18;nom
suivant;18;adj
pénétrer;18;ver
porter;18;ver
monter;18;ver
lettre;18;nom
hongroise;18;nom
essayer;18;ver
cité;18;nom
agir;18;ver
étrange;17;adj
étendre;17;ver
vérité;17;nom
table;17;nom
soeur;17;nom
retrouver;17;ver
reconnaître;17;ver
possible;17;adj
portrait;17;nom
mur;17;nom
marcher;17;ver
lit;17;nom
jeter;17;ver
ignorer;17;ver
gauche;17;nom
franchir;17;ver
expliquer;17;ver
explication;17;nom
escalier;17;nom
dorothée;17;nr
cri;17;nom
convenir;17;ver
compter;17;ver
apprendre;17;ver
aimer;17;ver
vieux;16;adj
soir;16;nom
scène;16;nom
petit;16;adj
passager;16;nom
officier;16;ver
nombre;16;nom
moyen;16;nom
montrer;16;ver
mai;16;nom
journée;16;nom
jeune;16;adj
introduire;16;ver
heureux;16;adj
cours;16;nom
batthyani;16;nr
arrivée;16;nom
apparaître;16;ver
admettre;16;ver
état;15;nom
voiture;15;nom
séparer;15;ver
surprendre;15;ver
suffire;15;ver
seulement;15;adv
remonter;15;ver
plein;15;adj
personnage;15;nom
pays;15;nom
nouvelle;15;adj
mois;15;nom
minute;15;nom
mesure;15;nom
matin;15;nom
invité;15;nom
haine;15;nom
grille;15;nom
france;15;nr
fixer;15;ver
eau;15;nom
domestique;15;nom
disposer;15;ver
demeurer;15;ver
bord;15;nom
atteindre;15;ver
événement;14;nom
évidemment;14;adv
église;14;nom
écouter;14;ver
vrai;14;adj
vivant;14;adj
visite;14;nom
témoin;14;nom
somme;14;nom
serviteur;14;nom
retentir;14;ver
rayon;14;nom
présenter;14;ver
projet;14;nom
population;14;nom
pièce;14;nom
phénomène;14;nom
phrase;14;nom
perdre;14;ver
pauvre;14;adj
partie;14;nom
ordre;14;nom
observer;14;ver
mouvement;14;nom
maître;14;nom
marche;14;nom
manquer;14;ver
interroger;14;ver
gros;14;adj
français;14;adj
face;14;nom
emporter;14;ver
disparaître;14;ver
devenir;14;ver
conversation;14;nom
bientôt;14;adv
attirer;14;ver
année;14;nom
étage;13;nom
vie;13;nom
vain;13;adj
réussir;13;ver
repousser;13;ver
rassurer;13;ver
puszta;13;nr
posséder;13;ver
perquisition;13;nom
parvenir;13;ver
nombreux;13;adj
imaginer;13;ver
fin;13;nom
exister;13;ver
empêcher;13;ver
détruire;13;ver
découvrir;13;ver
direction;13;nom
courir;13;ver
continuer;13;ver
conduire;13;ver
buda;13;nr
bonheur;13;nom
affirmer;13;ver
étroit;12;adj
élancer;12;ver
vivre;12;ver
visible;12;adj
troubler;12;ver
toile;12;nom
supposer;12;ver
silence;12;nom
revoir;12;ver
raconter;12;ver
quartier;12;nom
promenade;12;nom
prolonger;12;ver
poser;12;ver
naturel;12;adj
nature;12;nom
massif;12;adj
lumière;12;nom
interrompre;12;ver
humain;12;nom
hongrois;12;nom
frapper;12;ver
fiançailles;12;nom
espoir;12;nom
ennemi;12;nom
décider;12;ver
douter;12;ver
diriger;12;ver
date;12;nom
craindre;12;ver
contrat;12;nom
colère;12;nom
coeur;12;nom
circonstance;12;nom
cheminée;12;nom
cesser;12;ver
bouquet;12;nom
approcher;12;ver
angle;12;nom
abandonner;12;ver
étranger;11;adj
vengeance;11;nom
toilette;11;nom
terminer;11;ver
tendre;11;ver
tarder;11;ver
simple;11;adj
seconde;11;nom
savant;11;nom
salle;11;nom
réunir;11;ver
réponse;11;nom
retour;11;nom
renouveler;11;ver
refuser;11;ver
public;11;adj
propos;11;nom
pont;11;nom
parcourir;11;ver
papier;11;nom
palais;11;nom
obtenir;11;ver
nuptial;11;adj
mériter;11;ver
misérable;11;adj
midi;11;nom
mauvais;11;adj
marier;11;ver
marché;11;nom
manière;11;nom
lèvre;11;nom
lieue;11;nom
intérieur;11;nom
idée;11;nom
guère;11;adv
gens;11;nom
force;11;nom
figure;11;nom
fiancé;11;nom
fiancer;11;ver
extrême;11;adj
enlever;11;ver
découverte;11;nom
déchirer;11;ver
couleur;11;nom
compte;11;nom
ciel;11;nom
chant;11;nom
calme;11;nom
cacher;11;ver
avis;11;nom
assurer;11;ver
annoncer;11;ver
acte;11;nom
étendue;10;nom
épouvante;10;nom
écouler;10;ver
tromper;10;ver
toucher;10;ver
taille;10;nom
sûr;10;adj
sérieux;10;adj
substance;10;nom
soin;10;nom
saint_michel;10;nom
sabre;10;nom
répliquer;10;ver
retirer;10;ver
remettre;10;ver
rapprocher;10;ver
paysan;10;nom
pari;10;nom
nécessaire;10;adj
nef;10;nom
menace;10;nom
meilleur;10;adj
malheur;10;nom
mademoiselle;10;nom
lever;10;ver
juin;10;nom
individu;10;nom
inconnu;10;nom
hasard;10;nom
geste;10;nom
gabarre;10;nr
former;10;ver
fleur;10;nom
finir;10;ver
fauteuil;10;nom
fait;10;nom
extraordinaire;10;adj
existence;10;nom
entraîner;10;ver
entier;10;adj
enfant;10;nom
démarche;10;nom
droit;10;nom
célébrer;10;ver
constater;10;ver
considérable;10;adj
consentir;10;ver
condition;10;nom
causer;10;ver
brûler;10;ver
briser;10;ver
bout;10;nom
bateau;10;nom
avenir;10;nom
assurément;10;adv
asseoir;10;ver
apporter;10;ver
appeler;10;ver
admirer;10;ver
accorder;10;ver
absolument;10;adv
écrire;9;ver
visage;9;nom
vif;9;adj
vaste;9;adj
transporter;9;ver
tourner;9;ver
tirer;9;ver
territoire;9;nom
terme;9;nom
suite;9;nom
servir;9;ver
second;9;adj
route;9;nom
rideau;9;nom
retenir;9;ver
reparaître;9;ver
renoncer;9;ver
relever;9;ver
rejoindre;9;ver
précipiter;9;ver
promettre;9;ver
principal;9;adj
prince;9;nom
placer;9;ver
perron;9;nom
orchestre;9;nom
ombre;9;nom
offrir;9;ver
mêler;9;ver
murmurer;9;ver
militaire;9;adj
marquer;9;ver
magnifique;9;adj
langue;9;nom
juger;9;ver
invisibilité;9;nom
intention;9;nom
indiquer;9;ver
importer;9;ver
histoire;9;nom
glisser;9;ver
gagner;9;ver
forme;9;nom
flèche;9;nom
employer;9;ver
détail;9;nom
droite;9;nom
delà;9;adv
colline;9;nom
capitale;9;nom
campagne;9;nom
calmer;9;ver
cadavre;9;nom
bouche;9;nom
besoin;9;nom
berline;9;nom
bas;9;adj
aspect;9;nom
archiprêtre;9;nom
adresser;9;ver
accomplir;9;ver
éprouver;8;ver
épais;8;adj
éloigner;8;ver
âme;8;nom
violence;8;nom
travail;8;nom
théâtre;8;nom
svendor;8;nr
superbe;8;adj
sujet;8;nom
siège;8;nom
signer;8;ver
résoudre;8;ver
rival;8;nom
rire;8;ver
riche;8;adj
rapidement;8;adv
race;8;nom
quart;8;nom
présent;8;nom
presser;8;ver
presbourg;8;nr
poitrine;8;nom
plaisir;8;nom
pierre;8;nom
physique;8;adj
pensée;8;nom
morceau;8;nom
menacer;8;ver
matériel;8;adj
livrer;8;ver
lire;8;ver
large;8;adj
joie;8;nom
intervenir;8;ver
informer;8;ver
hypothèse;8;nom
habitation;8;nom
groupe;8;nom
frontière;8;nom
fond;8;nom
fiole;8;nom
fantôme;8;nom
excellence;8;nom
estimer;8;ver
espérer;8;ver
engager;8;ver
endroit;8;nom
effort;8;nom
désirer;8;ver
déposer;8;ver
déclarer;8;ver
dominer;8;ver
crainte;8;nom
complet;8;adj
compagnie;8;nom
commettre;8;ver
coin;8;nom
clef;8;nom
château;8;nom
blanc;8;adj
beffroi;8;nom
autorité;8;nom
artiste;8;nom
affecter;8;ver
accepter;8;ver
absence;8;nom
éclat;7;nom
échanger;7;ver
vukovar;7;nr
vent;7;nom
usage;7;nom
unir;7;ver
uniforme;7;nom
tôt;7;adv
turc;7;adj
triste;7;adj
tranquillité;7;nom
terrasse;7;nom
temesvar;7;nr
séjour;7;nom
soulever;7;ver
sorcier;7;nom
songer;7;ver
sol;7;nom
singulier;7;adj
sentiment;7;nom
semaine;7;nom
sang;7;nom
réellement;7;adv
reposer;7;ver
remarquer;7;ver
regretter;7;ver
reculer;7;ver
rapporter;7;ver
rapport;7;nom
rappeler;7;ver
rang;7;nom
puissance;7;nom
prévenir;7;ver
probablement;7;adv
probable;7;adj
preuve;7;nom
passant;7;nom
pareil;7;adj
oreille;7;nom
opinion;7;nom
occasion;7;nom
obstacle;7;nom
mémoire;7;nom
médecin;7;nom
mystérieux;7;adj
miloch;7;nr
matinée;7;nom
malheureux;7;adj
malade;7;adj
lointain;7;adj
laboratoire;7;nom
jouer;7;ver
joli;7;adj
joindre;7;ver
intervention;7;nom
immédiatement;7;adv
habituel;7;adj
habitude;7;nom
gazette;7;nom
foi;7;nom
feu;7;nom
façon;7;nom
extrémité;7;nom
enlèvement;7;nom
embrasser;7;ver
effacer;7;ver
désert;7;adj
dérouler;7;ver
déjeuner;7;nom
décidément;7;adv
débarquer;7;ver
double;7;adj
disposition;7;nom
dame;7;nom
curiosité;7;nom
curieux;7;adj
cuisine;7;nom
crier;7;ver
corridor;7;nom
conserver;7;ver
connaissance;7;nom
comble;7;nom
chevelure;7;nom
charger;7;ver
changer;7;ver
chaise;7;nom
cesse;7;nom
centre;7;nom
bude;7;nr
brusquement;7;adv
bois;7;nom
bizarre;7;adj
avouer;7;ver
autrement;7;adv
autel;7;nom
arracher;7;ver
anniversaire;7;nom
ancien;7;adj
éviter;6;ver
émotion;6;nom
âge;6;nom
véritable;6;adj
voler;6;ver
violemment;6;adv
vide;6;adj
valse;6;nom
valeur;6;nom
unique;6;adj
témoigner;6;ver
tzigane;6;nom
titre;6;nom
tendu;6;adj
sympathique;6;adj
suspect;6;adj
surprise;6;nom
supérieur;6;adj
souriant;6;adj
soleil;6;nom
siècle;6;nom
sanglot;6;nom
réclamer;6;ver
royaume;6;nom
rez_de_chaussée;6;nom
renverser;6;ver
renfermer;6;ver
rencontre;6;nom
refermer;6;ver
pâle;6;adj
pur;6;adj
préférer;6;ver
précisément;6;adv
prussien;6;adj
prodige;6;nom
prix;6;nom
poursuivre;6;ver
poste;6;nom
pli;6;nom
peintre;6;nom
passage;6;nom
oser;6;ver
original;6;nom
oeuvre;6;nom
obliger;6;ver
nord;6;nom
noir;6;adj
neuman;6;nr
national;6;adj
musique;6;nom
mourir;6;ver
messe;6;nom
menaçant;6;adj
manger;6;ver
maintenir;6;ver
légende;6;nom
liqueur;6;nom
ligne;6;nom
inutile;6;adj
interlocuteur;6;nom
intelligence;6;nom
insulter;6;ver
installer;6;ver
inquiétude;6;nom
inexplicable;6;adj
impression;6;nom
important;6;adj
impatience;6;nom
hésiter;6;ver
heurter;6;ver
habiter;6;ver
habitant;6;nom
goût;6;nom
futur;6;adj
fortune;6;nom
formule;6;nom
flacon;6;nom
fer;6;nom
façade;6;nom
envahir;6;ver
entretien;6;nom
entourer;6;ver
ensemble;6;adv
dîner;6;nom
déplorable;6;adj
défier;6;ver
défendre;6;ver
donjon;6;nom
dizaine;6;nom
discuter;6;ver
digne;6;adj
difficulté;6;nom
célèbre;6;adj
coucher;6;ver
costume;6;nom
contenter;6;ver
considérer;6;ver
conclure;6;ver
concerner;6;ver
compagnon;6;nom
commun;6;adj
coloman;6;nr
cloche;6;nom
cimetière;6;nom
choisir;6;ver
choeur;6;nom
chevet;6;nom
cheval;6;nom
chanter;6;ver
certitude;6;nom
capable;6;adj
camarade;6;nom
cadre;6;nom
but;6;nom
beau_frère;6;nom
avril;6;nom
avancer;6;ver
autriche;6;nr
autorisation;6;nom
attribuer;6;ver
assister;6;ver
appréhension;6;nom
approuver;6;ver
appartenir;6;ver
animer;6;ver
amour;6;nom
allemagne;6;nom
aider;6;ver
agréable;6;adj
absorber;6;ver
établir;5;ver
égard;5;nom
éclater;5;ver
vivement;5;adv
violent;5;adj
vingtaine;5;nom
vertu;5;nom
vague;5;nom
tuer;5;ver
teuton;5;nom
terre;5;nom
tenue;5;nom
sympathie;5;nom
surveillance;5;nom
surgir;5;ver
supplier;5;ver
succéder;5;ver
succès;5;nom
statue;5;nom
stationner;5;ver
souffle;5;nom
soucieux;5;adj
sortie;5;nom
sonner;5;ver
solaire;5;adj
situer;5;ver
signature;5;nom
serrer;5;ver
santé;5;nom
résister;5;ver
réserver;5;ver
réputation;5;nom
régulier;5;adj
réduire;5;ver
ruine;5;nom
retomber;5;ver
renseignement;5;nom
remplir;5;ver
remercier;5;ver
remarquable;5;adj
relatif;5;adj
refus;5;nom
recouvrer;5;ver
qualité;5;nom
puissant;5;adj
prêt;5;adj
préoccuper;5;ver
précis;5;adj
prouver;5;ver
propriété;5;nom
promener;5;ver
proférer;5;ver
profiter;5;ver
prier;5;ver
populaire;5;adj
plausible;5;adj
plaisanter;5;ver
plaisant;5;adj
physionomie;5;nom
personnel;5;adj
persienne;5;nom
pavillon;5;nom
passion;5;nom
origine;5;nom
opposer;5;ver
odeur;5;nom
obsession;5;nom
obscurité;5;nom
miracle;5;nom
millier;5;nom
mari;5;nom
léger;5;adj
longer;5;ver
libre;5;adj
largement;5;adv
jusqu_aux;5;nr
jurer;5;ver
inquiéter;5;ver
ingénieur;5;nom
incertain;5;adj
importance;5;nom
immense;5;adj
imagination;5;nom
illusion;5;nom
horizon;5;nom
honneur;5;nom
grave;5;adj
gran;5;nr
genre;5;nom
fumée;5;nom
fréquenter;5;ver
forteresse;5;nom
fonder;5;ver
folie;5;nom
extérieur;5;adj
examiner;5;ver
exagérer;5;ver
entrée;5;nom
entièrement;5;adv
enfuir;5;ver
efforcer;5;ver
développer;5;ver
délai;5;nom
durer;5;ver
douleur;5;nom
domaine;5;nom
différent;5;adj
diacre;5;nom
côte;5;nom
céder;5;ver
culture;5;nom
crise;5;nom
couvrir;5;ver
coutume;5;nom
courbe;5;nom
coupable;5;adj
coude;5;nom
corde;5;nom
consacrer;5;ver
confins;5;nom
clos;5;adj
classe;5;nom
chute;5;nom
chemin;5;nom
cause;5;nom
cage;5;nom
cachette;5;nom
brisé;5;adj
bonsoir;5;nom
beauté;5;nom
banc;5;nom
auteur;5;nom
attitude;5;nom
attaque;5;nom
assistance;5;nom
art;5;nom
arbre;5;nom
antipathie;5;nom
animation;5;nom
amitié;5;nom
amener;5;ver
affiche;5;nom
adversaire;5;nom
accueil;5;nom
accrocher;5;ver
accourir;5;ver
accord;5;nom
évident;4;adj
étudier;4;ver
étreindre;4;ver
étrangeté;4;nom
étonnant;4;adj
étoile;4;nom
éteindre;4;ver
épaule;4;nom
épargner;4;ver
élevé;4;adj
également;4;adv
éconduire;4;ver
éclairé;4;adj
éclairer;4;ver
vêtement;4;nom
volume;4;nom
voisin;4;nom
vitrail;4;nom
visiteur;4;nom
vigoureux;4;adj
verdoyant;4;adj
veiller;4;ver
vapeur;4;nom
type;4;nom
transformer;4;ver
tranquille;4;adj
tradition;4;nom
trace;4;nom
tournant;4;nom
tombeau;4;nom
toiture;4;nom
toit;4;nom
terrible;4;adj
terreur;4;nom
tenter;4;ver
taire;4;ver
surnaturel;4;nom
surexcitation;4;nom
superstitieux;4;adj
successivement;4;adv
spectre;4;nom
sous_diacre;4;nom
sombre;4;adj
soldat;4;nom
simplement;4;adv
signifier;4;ver
signe;4;nom
signaler;4;ver
serré;4;adj
serbienne;4;nr
secousse;4;nom
scandale;4;nom
satisfaire;4;ver
résultat;4;nom
résolution;4;nom
résigner;4;ver
réserve;4;nom
répandre;4;ver
réalité;4;nom
rouvrir;4;ver
ronde;4;nom
robe;4;nom
risque;4;nom
ressentir;4;ver
respiration;4;nom
repos;4;nom
redresser;4;ver
redouter;4;ver
rechercher;4;ver
rare;4;adj
rapide;4;adj
ramener;4;ver
raisonnable;4;adj
pus;4;adj
prétendre;4;ver
présomption;4;nom
préparatif;4;nom
précéder;4;ver
protéger;4;ver
propriétaire;4;nom
proposer;4;ver
projeter;4;ver
profit;4;nom
privé;4;adj
prison;4;nom
pratique;4;adj
prairie;4;nom
poids;4;nom
planter;4;ver
plaine;4;nom
plain;4;nom
peuple;4;nom
perpétuel;4;adj
pencher;4;ver
parfait;4;adj
parent;4;nom
panneau;4;nom
ouvert;4;adj
os;4;nom
orgue;4;nom
opaque;4;adj
objet;4;nom
objection;4;nom
nuage;4;nom
natal;4;adj
multiple;4;adj
muet;4;adj
moyenne;4;nom
modifier;4;ver
mer;4;nom
maudit;4;adj
masse;4;nom
manifester;4;ver
malle;4;nom
lutte;4;nom
livre;4;nom
lier;4;ver
lasser;4;ver
juge;4;nom
joyeux;4;adj
jeu;4;nom
irrésistible;4;adj
invitation;4;nom
intérêt;4;nom
intrus;4;nom
interdire;4;ver
instruit;4;adj
insister;4;ver
insensé;4;adj
information;4;nom
incliner;4;ver
incendie;4;nom
impressionner;4;ver
immobile;4;adj
heureusement;4;adv
général;4;adj
grenier;4;nom
gravir;4;ver
goûter;4;ver
germanique;4;adj
fête;4;nom
féodal;4;adj
fuir;4;ver
front;4;nom
frais;4;adj
fourneau;4;nom
formel;4;adj
flanquer;4;ver
flamme;4;nom
fier;4;adj
faux;4;adj
faiblesse;4;nom
faible;4;adj
facile;4;adj
exécution;4;nom
expulsion;4;nom
exprimer;4;ver
exiger;4;ver
exercer;4;ver
exemple;4;nom
excellent;4;adj
exagération;4;nom
escale;4;nom
enterrer;4;ver
enfermer;4;ver
encombrer;4;ver
embarcation;4;nom
effroi;4;nom
désir;4;nom
dénouement;4;nom
définitivement;4;adv
décrire;4;ver
décombre;4;nom
distance;4;nom
difficile;4;adj
deuxième;4;adj
descente;4;nom
demi_heure;4;nom
degré;4;nom
créer;4;ver
cortège;4;nom
contraire;4;nom
contourner;4;ver
conséquence;4;nom
conduite;4;nom
condamner;4;ver
conclusion;4;nom
composer;4;ver
compatriote;4;nom
communication;4;nom
commencement;4;nom
clouer;4;ver
circuler;4;ver
cheveu;4;nom
chaud;4;adj
charmant;4;adj
charité;4;nom
chanson;4;nom
chanceler;4;ver
chance;4;nom
centrale;4;nom
central;4;adj
centaine;4;nom
cendre;4;nom
carré;4;adj
carrosse;4;nom
caractère;4;nom
briller;4;ver
brillant;4;adj
bref;4;adv
brave;4;adj
bordée;4;nom
border;4;ver
bleu;4;adj
battre;4;ver
bande;4;nom
aval;4;nom
autrichien;4;adj
auprès_de;4;nr
audience;4;nom
attelage;4;nom
armoire;4;nom
arme;4;nom
après_demain;4;adv
appel;4;nom
apparence;4;nom
appareil;4;nom
animé;4;adj
angoisse;4;nom
améliorer;4;ver
alliance;4;nom
aigu;4;adj
affluer;4;ver
affection;4;nom
accuser;4;ver
accueillir;4;ver
accabler;4;ver
1er;4;nr
évoquer;3;ver
évidence;3;nom
évanouir;3;ver
étouffer;3;ver
étienne;3;nr
épreuve;3;nom
épanouir;3;ver
énigmatique;3;adj
élégant;3;adj
élève;3;nom
écrouler;3;ver
éclatant;3;adj
éblouir;3;ver
wolkang;3;nr
wilhem;3;nr
vraiment;3;adv
volonté;3;nom
vol;3;nom
voile;3;nom
voie;3;nom
vitrage;3;nom
vieillard;3;nom
ventriloquie;3;nom
velours;3;nom
varier;3;ver
vanter;3;ver
valseur;3;nom
vainement;3;adv
vaincre;3;ver
va_et_vient;3;nom
urgent;3;adj
universel;3;adj
union;3;nom
trouble;3;nom
trappe;3;nom
transept;3;nom
train;3;nom
toise;3;nom
tentative;3;nom
tendresse;3;nom
taillis;3;nom
tablette;3;nom
sérieusement;3;adv
série;3;nom
sécurité;3;nom
système;3;nom
survenir;3;ver
surplus;3;nom
surmonter;3;ver
sur_le_champ;3;adv
supporter;3;ver
superstition;3;nom
sud;3;nom
subir;3;ver
style;3;nom
station;3;nom
spécial;3;adj
source;3;nom
soupçon;3;nom
soumettre;3;ver
souiller;3;ver
souffrir;3;ver
sommeil;3;nom
solliciter;3;ver
solidement;3;adv
solide;3;adj
solennel;3;adj
slave;3;adj
signal;3;nom
seuil;3;nom
service;3;nom
serrurier;3;nom
sensible;3;adj
semer;3;ver
secours;3;nom
secouer;3;ver
science;3;nom
saule;3;nom
saint;3;nom
rôle;3;nom
rêver;3;ver
résonner;3;ver
régner;3;ver
région;3;nom
réfléchir;3;ver
réaliser;3;ver
rude;3;adj
roman;3;nom
revêtir;3;ver
ressemblant;3;adj
ressemblance;3;nom
reprise;3;nom
repas;3;nom
renom;3;nom
rendez_vous;3;nom
religieux;3;adj
relation;3;nom
redescendre;3;ver
recherche;3;nom
ravir;3;ver
rampe;3;nom
ragzienne;3;nr
raab;3;nr
périr;3;ver
pénombre;3;nom
pénible;3;adj
pâturage;3;nom
publication;3;nom
prêtre;3;nom
prêter;3;ver
prévoir;3;ver
précédent;3;adj
précaution;3;nom
prudence;3;nom
province;3;nom
propre;3;adj
proposition;3;nom
promesse;3;nom
proie;3;nom
progrès;3;nom
profond;3;adj
prodigieux;3;adj
procéder;3;ver
procurer;3;ver
proche;3;adj
prière;3;nom
prisonnier;3;adj
pressentiment;3;nom
portier;3;nom
pointe;3;nom
plume;3;nom
pleuvoir;3;ver
pleurer;3;ver
plateau;3;nom
plancher;3;nom
plan;3;nom
plaire;3;ver
pitié;3;nom
personnellement;3;adv
percer;3;ver
pelouse;3;nom
paysage;3;nom
payer;3;ver
patriotisme;3;nom
particulier;3;adj
parfaitement;3;adv
parfaire;3;ver
parapet;3;nom
palier;3;nom
paisible;3;adj
ordinaire;3;adj
opérer;3;ver
occupation;3;nom
observation;3;nom
obscur;3;adj
néant;3;nom
nullement;3;adv
noter;3;ver
nommer;3;ver
noble;3;adj
neveu;3;nom
naître;3;ver
naturellement;3;adv
mètre;3;nom
motif;3;nom
montant;3;nom
montagne;3;nom
monstre;3;nom
moeurs;3;nom
modèle;3;nom
mobilier;3;nom
meuble;3;nom
merveilleux;3;adj
matériellement;3;adv
mathématique;3;adj
mathias;3;nr
marronnier;3;nom
manuscrit;3;nom
maman;3;nom
malfaisant;3;adj
magicien;3;nom
lâcher;3;ver
là_dessus;3;adv
lutter;3;ver
longueur;3;nom
logique;3;adj
lisière;3;nom
limite;3;nom
lien;3;nom
licence;3;nom
lentement;3;adv
lecteur;3;nom
larme;3;nom
lancer;3;ver
lame;3;nom
kurzt;3;nr
justifier;3;ver
justice;3;nom
jaunâtre;3;adj
jambe;3;nom
jaillir;3;ver
isolé;3;adj
invraisemblable;3;adj
inviter;3;ver
invariablement;3;adv
inutilement;3;adv
intéressant;3;adj
intervalle;3;nom
interrogatoire;3;nom
insu;3;nom
instinct;3;nom
instantanément;3;adv
insolent;3;adj
insaisissable;3;adj
inquiétant;3;adj
influence;3;nom
indicible;3;adj
incohérent;3;adj
impérieux;3;adj
imprévu;3;nom
imprudence;3;nom
imposer;3;ver
impatiemment;3;adv
ier;3;nr
hâte;3;nom
humide;3;adj
horreur;3;nom
heurtoir;3;nom
herbe;3;nom
hauteur;3;nom
habit;3;nom
gêner;3;ver
guerre;3;nom
girouette;3;nom
garnison;3;nom
garantir;3;ver
félicitation;3;nom
fouiller;3;ver
fou;3;adj
fortification;3;nom
forcer;3;ver
fidèle;3;adj
ferrure;3;nom
faubourg;3;nom
fantastique;3;adj
fantaisie;3;nom
familial;3;adj
fameux;3;adj
faculté;3;nom
exécuter;3;ver
expression;3;nom
exposer;3;ver
explosion;3;nom
excursion;3;nom
exclamation;3;nom
examen;3;nom
exactement;3;adv
etc;3;adv
espace;3;nom
environnant;3;adj
emmener;3;ver
effrayer;3;ver
dôme;3;nom
détacher;3;ver
désormais;3;adv
désespoir;3;nom
dérober;3;ver
dépasser;3;ver
démontrer;3;ver
dégager;3;ver
défense;3;nom
déchiré;3;adj
débarcadère;3;nom
dur;3;adj
doigt;3;nom
distraction;3;nom
directement;3;adv
différence;3;nom
diabolique;3;adj
deviner;3;ver
dessiner;3;ver
demeure;3;nom
cuivre;3;nom
craquement;3;nom
coussin;3;nom
court;3;adj
couronner;3;ver
couramment;3;adv
couler;3;ver
corvin;3;nr
corsage;3;nom
cordon;3;nom
contempler;3;ver
construire;3;ver
constituer;3;ver
confrère;3;nom
confiance;3;nom
composition;3;nom
compliment;3;nom
complice;3;nom
commerçant;3;nom
commander;3;ver
coiffer;3;ver
clocher;3;nom
clavecin;3;nom
clair;3;adj
citadelle;3;nom
châtier;3;ver
chimie;3;nom
charme;3;nom
char;3;nom
changement;3;nom
champ;3;nom
chair;3;nom
chagrin;3;nom
certainement;3;adv
cercle;3;nom
caveau;3;nom
cavalier;3;nom
cauchemar;3;nom
catholique;3;nom
calcul;3;nom
bâtir;3;ver
bâtiment;3;nom
budapest;3;nr
bruyant;3;adj
brutal;3;adj
braver;3;ver
branche;3;nom
bouton;3;nom
bosquet;3;nom
boisson;3;nom
boire;3;ver
blond;3;nom
berge;3;nom
bas_côté;3;nom
balbutier;3;ver
baisser;3;ver
bagage;3;nom
avertir;3;ver
aventure;3;nom
avance;3;nom
attentat;3;nom
atteler;3;ver
arroser;3;ver
aristocratique;3;adj
architectural;3;adj
appontement;3;nom
appliquer;3;ver
amoureux;3;adj
amont;3;nom
ambassade;3;nom
allure;3;nom
aisé;3;adj
aide;3;nom
agresseur;3;nom
agenouiller;3;ver
affolement;3;nom
adresse;3;nom
admissible;3;adj
accéder;3;ver
accouder;3;ver
abside;3;nom
absenter;3;ver
absent;3;adj
abattre;3;ver
abandon;3;nom
évêché;2;nom
évoluer;2;ver
évincer;2;ver
éventualité;2;nom
éveiller;2;ver
évaporé;2;adj
étude;2;nom
étoffe;2;nom
étape;2;nom
équipage;2;nom
épuiser;2;ver
épouvanté;2;adj
épouvanter;2;ver
époque;2;nom
épaulement;2;nom
énergique;2;adj
énergie;2;nom
émerger;2;ver
élogieux;2;adj
éloge;2;nom
élever;2;ver
égarer;2;ver
égal;2;adj
édifier;2;ver
éclaircir;2;ver
échelle;2;nom
âgé;2;adj
xve;2;nr
xiiie;2;nr
véritablement;2;adv
vraisemblance;2;nom
voyageur;2;nom
voyager;2;ver
voleur;2;nom
voisinage;2;nom
vitré;2;adj
vitre;2;nom
vitesse;2;nom
visiblement;2;adv
village;2;nom
vignoble;2;nom
victime;2;nom
vert;2;adj
verrouiller;2;ver
verrou;2;nom
verre;2;nom
venger;2;ver
varié;2;adj
var;2;nom
valet;2;nom
valachie;2;nr
vacance;2;nom
utilité;2;nom
ustensile;2;nom
univers;2;nom
uniquement;2;adv
tristement;2;adv
triompheraient;2;nr
trembler;2;ver
tremblant;2;adj
traîner;2;ver
traversée;2;nom
transmettre;2;ver
trait;2;nom
traditionnel;2;adj
total;2;adj
tort;2;nom
torche;2;nom
tocsin;2;nom
terrifier;2;ver
terrain;2;nom
teint;2;nom
tasser;2;ver
tas;2;nom
tardif;2;adj
tapisserie;2;nom
tantôt;2;adv
tangible;2;adj
sûrement;2;adv
sévère;2;adj
séparation;2;nom
survivre;2;ver
surveiller;2;ver
surprenant;2;adj
surhumain;2;adj
surface;2;nom
surexciter;2;ver
suprême;2;adj
sud_est;2;nom
subsister;2;ver
stupéfait;2;adj
stupéfaction;2;nom
stupide;2;adj
stalle;2;nom
spectateur;2;nom
soutenir;2;ver
sourire;2;nom
sourd;2;adj
souhaiter;2;ver
souci;2;nom
sorcellerie;2;nom
sonnerie;2;nom
sommet;2;nom
solution;2;nom
solitude;2;nom
solennité;2;nom
soixantaine;2;nom
société;2;nom
social;2;adj
sinueux;2;adj
sincère;2;adj
sillonner;2;ver
silhouette;2;nom
serrure;2;nom
sec;2;adj
scientifique;2;adj
scellé;2;nom
savonneux;2;adj
sauver;2;ver
sauter;2;ver
satisfaction;2;nom
sang_froid;2;nom
sacristie;2;nom
sacrement;2;nom
sacramentel;2;adj
révéler;2;ver
résulter;2;ver
régler;2;ver
régiment;2;nom
réfugier;2;ver
réfractaire;2;adj
réflexion;2;nom
récit;2;nom
récent;2;adj
réagir;2;ver
règle;2;nom
russe;2;adj
rudement;2;adv
rouge;2;adj
rouf;2;nom
roue;2;nom
rose;2;adj
rosace;2;nom
roi;2;nom
robuste;2;adj
rivière;2;nom
rivage;2;nom
rigueur;2;nom
revivre;2;ver
retarder;2;ver
restant;2;nom
resserrer;2;ver
respirer;2;ver
représenter;2;ver
reproduire;2;ver
replier;2;ver
remède;2;nom
remplacer;2;ver
remise;2;nom
relâcher;2;ver
religieusement;2;adv
relier;2;ver
relevé;2;nom
relativement;2;adv
rein;2;nom
regrettable;2;adj
regagner;2;ver
refléter;2;ver
refluer;2;ver
refaire;2;ver
redevenir;2;ver
recommencer;2;ver
recommander;2;ver
receler;2;ver
rayonnant;2;adj
rapidité;2;nom
raisonnement;2;nom
rage;2;nom
radiation;2;nom
racontar;2;nom
rabattre;2;ver
quantité;2;nom
pureté;2;nom
purement;2;adv
publiquement;2;adv
prétention;2;nom
préparer;2;ver
préjudiciable;2;adj
préférable;2;adj
préciser;2;ver
précipitation;2;nom
préalablement;2;adv
prusse;2;nr
programme;2;nom
profondément;2;adv
profondeur;2;nom
profanation;2;nom
produit;2;nom
production;2;nom
procédé;2;nom
priver;2;ver
praticable;2;adj
poète;2;nom
poterne;2;nom
possession;2;nom
portant;2;adj
portail;2;nom
politique;2;nom
policier;2;nom
poignée;2;nom
poche;2;nom
plaque;2;nom
plaisamment;2;adv
piétiner;2;ver
piquer;2;ver
pinceau;2;nom
peuplier;2;nom
peser;2;ver
persister;2;ver
perquisitionner;2;ver
permission;2;nom
perfection;2;nom
pendule;2;nom
penchant;2;nom
peinture;2;nom
paupière;2;nom
patron;2;nom
patrie;2;nom
patience;2;nom
paternel;2;adj
passeport;2;nom
parvis;2;nom
particulièrement;2;adv
parquet;2;nom
pardonner;2;ver
parc;2;nom
panique;2;nom
ouvrier;2;nom
ouvrage;2;nom
outrage;2;nom
ouest;2;nom
ottomane;2;nom
orner;2;ver
orme;2;nom
originalité;2;nom
ordonnance;2;nom
oranger;2;nom
optimiste;2;adj
onduler;2;ver
ombrage;2;nom
offrande;2;nom
officiellement;2;adv
office;2;nom
odorat;2;nom
occupant;2;nom
obstiner;2;ver
obscurcir;2;ver
objecter;2;ver
nécessiter;2;ver
nourriture;2;nom
note;2;nom
notable;2;nom
notabilité;2;nom
net;2;adj
navigation;2;nom
naissance;2;nom
métal;2;nom
méridional;2;adj
ménager;2;ver
mélodie;2;nom
mélanger;2;ver
mélange;2;nom
mât;2;nom
mystère;2;nom
mystificateur;2;nom
musée;2;nom
muraille;2;nom
mouvoir;2;ver
moustache;2;nom
morale;2;nom
moral;2;adj
moitié;2;nom
mohacz;2;nr
minutieux;2;adj
minutieusement;2;adv
meublé;2;adj
membre;2;nom
maîtriser;2;ver
maîtrise;2;nom
matinal;2;adj
marque;2;nom
marchandise;2;nom
marbre;2;nom
malédiction;2;nom
majorité;2;nom
machination;2;nom
machinalement;2;adv
léguer;2;ver
lé;2;nom
lustre;2;nom
lumineux;2;adj
lueur;2;nom
longuement;2;adv
loi;2;nom
linge;2;nom
liberté;2;nom
lazare;2;nr
latéral;2;adj
laine;2;nom
ladislas;2;nr
karpathes;2;nr
justement;2;adv
jusque_là;2;adv
jupe;2;nom
juillet;2;nom
jouir;2;ver
jaune;2;adj
jaloux;2;adj
italie;2;nr
irritation;2;nom
involontaire;2;adj
invention;2;nom
inventer;2;ver
intéresser;2;ver
intimité;2;nom
intime;2;adj
instrument;2;nom
institution;2;nom
inspirer;2;ver
inonder;2;ver
innombrable;2;adj
infini;2;adj
infanterie;2;nom
indéracinable;2;adj
industrie;2;nom
indistinctement;2;adv
indispensable;2;adj
indiscrétion;2;nom
indignation;2;nom
indifférent;2;adj
incroyable;2;adj
inconscient;2;adj
inconscience;2;nom
incompréhensible;2;adj
incendiaire;2;nom
incantation;2;nom
inattendu;2;adj
impunément;2;adv
impuissant;2;adj
imprégner;2;ver
impertinent;2;adj
ignorant;2;adj
ignorance;2;nom
idéal;2;adj
hôtellerie;2;nom
hêtre;2;nom
héros;2;nom
hérissé;2;adj
hymne;2;nom
hun;2;nom
humanité;2;nom
horloge;2;nom
honorer;2;ver
honorable;2;adj
hommage;2;nom
hanter;2;ver
hallucination;2;nom
hagard;2;adj
habiller;2;ver
gésir;2;ver
guérir;2;ver
guide;2;nom
grue;2;nom
grandeur;2;nom
graduellement;2;adv
gracieux;2;adj
gothique;2;adj
glorieux;2;adj
genou;2;nom
garçon;2;nom
garnir;2;ver
fureur;2;nom
fumant;2;adj
fuligineux;2;adj
froissé;2;adj
frayer;2;ver
franc;2;adj
foutre;2;ver
fortement;2;adv
fonctionnaire;2;nom
flottant;2;adj
flatteur;2;adj
fixe;2;adj
finalement;2;adv
filet;2;nom
fermé;2;adj
fendre;2;ver
favorable;2;adj
faveur;2;nom
fatiguer;2;ver
fatal;2;adj
faisceau;2;nom
faillir;2;ver
faiblement;2;adv
fabriquer;2;ver
exécutant;2;nom
extrêmement;2;adv
explorer;2;ver
excès;2;nom
exciter;2;ver
exaltation;2;nom
exact;2;adj
esquisser;2;ver
espèce;2;nom
escouade;2;nom
errer;2;ver
envoyer;2;ver
envoler;2;ver
envoi;2;nom
envier;2;ver
envie;2;nom
entraînant;2;adj
entr_acte;2;nom
enthousiaste;2;adj
entente;2;nom
enivrer;2;ver
enfoncer;2;ver
enflammer;2;ver
endormir;2;ver
encre;2;nom
encourageant;2;adj
enclin;2;adj
enchanté;2;adj
empresser;2;ver
empire;2;nom
embouchure;2;nom
embarquer;2;ver
effusion;2;nom
effectuer;2;ver
désordre;2;nom
désirable;2;adj
déplacé;2;adj
déplacer;2;ver
dépit;2;nom
dépeindre;2;ver
dénoter;2;ver
démoniaque;2;adj
démolir;2;ver
défilé;2;nom
défaut;2;nom
défaite;2;nom
déduire;2;ver
dédaigner;2;ver
décomposer;2;ver
déception;2;nom
début;2;nom
débris;2;nom
débarrasser;2;ver
durée;2;nom
dupe;2;nom
duna;2;nr
drogue;2;nom
draper;2;ver
drame;2;nom
douzaine;2;nom
doucement;2;adv
dose;2;nom
doré;2;adj
dortoir;2;nom
distinguer;2;ver
distinction;2;nom
dissiper;2;ver
dissimuler;2;ver
disperser;2;ver
dirigeant;2;nom
direct;2;adj
dieu;2;nom
dicton;2;nom
destruction;2;nom
destiner;2;ver
dessin;2;nom
denture;2;nom
danse;2;nom
danger;2;nom
czepel;2;nr
cuvette;2;nom
culbuter;2;ver
créature;2;nom
croix;2;nom
croissant;2;adj
croiser;2;ver
crime;2;nom
craquer;2;ver
coûter;2;ver
couverture;2;nom
couvercle;2;nom
course;2;nom
courrier;2;nom
courber;2;ver
courage;2;nom
couple;2;nom
couloir;2;nom
cou;2;nom
corbeille;2;nom
convulsé;2;adj
convive;2;nom
conviction;2;nom
contrée;2;nom
contrevent;2;nom
contraste;2;nom
contraindre;2;ver
contestable;2;adj
contenu;2;nom
consulter;2;ver
consultation;2;nom
consoler;2;ver
consentement;2;nom
congé;2;nom
confortable;2;adj
confondre;2;ver
conducteur;2;nom
concéder;2;ver
compromettre;2;ver
comporter;2;ver
comparer;2;ver
commerce;2;nom
collet;2;nom
coffre;2;nom
clôture;2;nom
clé;2;nom
clore;2;ver
civière;2;nom
cinquantaine;2;nom
cigogne;2;nom
chêne;2;nom
châtain;2;adj
choix;2;nom
choir;2;ver
chimiste;2;nom
chimique;2;adj
chaussée;2;nom
chapeau;2;nom
chanteur;2;nom
chalet;2;nom
ceinture;2;nom
cave;2;nom
causeur;2;nom
catégorique;2;adj
carrière;2;nom
carillon;2;nom
caractéristique;2;nom
cabaret;2;nom
bureau;2;nom
bulle;2;nom
brusque;2;adj
brouhaha;2;nom
broderie;2;nom
boîte;2;nom
boursouflé;2;adj
bourgeois;2;nom
bourdonnement;2;nom
bouleverser;2;ver
borne;2;nom
bond;2;nom
boisé;2;adj
bohémien;2;nom
blessure;2;nom
billevesée;2;nom
bibelot;2;nom
bel;2;adj
bedeau;2;nom
base;2;nom
barrière;2;nom
banal;2;adj
bal;2;nom
baillage;2;nr
baigner;2;ver
bahut;2;nom
bade;2;nr
avidement;2;adv
aveuglement;2;nom
aveugle;2;adj
avantage;2;nom
auvent;2;nom
austro_hongrois;2;adj
aumône;2;nom
audace;2;nom
attarder;2;ver
attaquer;2;ver
attacher;2;ver
assurance;2;nom
assujettir;2;ver
assombrir;2;ver
assiéger;2;ver
assistant;2;nom
article;2;nom
arrestation;2;nom
armée;2;nom
aristocratie;2;nom
argument;2;nom
argent;2;nom
ardeur;2;nom
ardent;2;adj
appréhender;2;ver
apprécier;2;ver
apposer;2;ver
applaudissement;2;nom
aplatir;2;ver
anxiété;2;nom
annales;2;nom
anglais;2;nom
amazone;2;nom
amasser;2;ver
alpe;2;nom
allusion;2;nom
allonger;2;ver
allocution;2;nom
alimenter;2;ver
alchimiste;2;nom
aisément;2;adv
aiguille;2;nom
agréé;2;adj
agrément;2;nom
agréablement;2;adv
agité;2;adj
agiter;2;ver
aggraver;2;ver
affût;2;nom
affoler;2;ver
adorer;2;ver
adopter;2;ver
admiration;2;nom
admirable;2;adj
adieu;2;nom
action;2;nom
acropole;2;nom
accueillant;2;adj
accroître;2;ver
acceptable;2;adj
absolu;2;adj
abriter;2;ver
aboutir;2;ver
abominable;2;adj
ôter;1;ver
évocation;1;nom
éveil;1;nom
évasif;1;adj
évangile;1;nom
évaluer;1;ver
étrier;1;nom
étreinte;1;nom
étrave;1;nom
étrangler;1;ver
étrangement;1;adv
étouffant;1;adj
étiqueter;1;ver
étincelle;1;nom
étincelant;1;adj
éterniser;1;ver
éternellement;1;adv
étaler;1;ver
étalage;1;nom
étagère;1;nom
érudit;1;nom
équilibre;1;nom
épuisions;1;nr
éprouvé;1;adj
éprendre;1;ver
épouser;1;ver
épopée;1;nom
épithète;1;nom
épier;1;ver
éperon;1;nom
éperdument;1;adv
épaissir;1;ver
énorme;1;adj
énergiquement;1;adv
émule;1;nom
ému;1;adj
émouvoir;1;ver
émerveiller;1;ver
élégie;1;nom
éloquemment;1;adv
éloignement;1;nom
élargir;1;ver
égrener;1;ver
égayer;1;ver
égarement;1;nom
égaliser;1;ver
égaler;1;ver
éducation;1;nom
édifice;1;nom
écraser;1;ver
écoulé;1;adj
école;1;nom
éclair;1;nom
échéant;1;adj
échouer;1;ver
échoppe;1;nom
écho;1;nom
échevelé;1;adj
écheveler;1;ver
échelonner;1;ver
échelon;1;nom
échantillonnent;1;nr
échantillon;1;nom
écarter;1;ver
écarteler;1;ver
écaille;1;nom
ébullition;1;nom
ébranler;1;ver
éblouissement;1;nom
ébattre;1;ver
çà;1;adv
âtre;1;nom
à_l_improviste;1;adv
zone;1;nom
zombor;1;nr
zigzag;1;nom
xvie;1;nr
wurtemberg;1;nr
waitzen;1;nr
vêtir;1;ver
vérifier;1;ver
vénérable;1;adj
vulgaire;1;adj
vraisemblablement;1;adv
vraisemblable;1;adj
voûte;1;nom
voussure;1;nom
vouer;1;ver
voltiger;1;ver
volatilisèrent;1;nr
volatil;1;adj
vocabulaire;1;nom
viticoles;1;nr
visibilité;1;nom
virtuosité;1;nom
virer;1;ver
violet;1;adj
vingt_quatre_heures;1;nr
vin;1;nom
villa;1;nom
vilain;1;adj
vigne;1;nom
vierge;1;adj
vieillesse;1;nom
vieil;1;adj
viddin;1;nr
vibrant;1;adj
vestibule;1;nom
veste;1;nom
verset;1;nom
verrière;1;nom
verdure;1;nom
ventriloque;1;nom
vente;1;nom
vendeur;1;nom
veine;1;nom
veillée;1;nom
vassal;1;nom
vasque;1;nom
vasistas;1;nom
vanterie;1;nom
vaisselle;1;nom
vaciller;1;ver
utiliser;1;ver
utilement;1;adv
utile;1;adj
usé;1;adj
universitaire;1;adj
unanimité;1;nom
ultérieurement;1;adv
ultérieur;1;adj
ulm;1;nr
ténor;1;nom
ténacité;1;nom
téméraire;1;adj
témoignage;1;nom
tâter;1;ver
tâcher;1;ver
tâche;1;nom
tuyau;1;nom
turquie;1;nr
tumultueux;1;adj
tumulte;1;nom
tulle;1;nom
trône;1;nom
trousseau;1;nom
troupeau;1;nom
troubleraient;1;nr
trou;1;nom
trottoir;1;nom
tropical;1;adj
tronc;1;nom
trombe;1;nom
tristesse;1;nom
tripler;1;ver
triple;1;adj
triompher;1;ver
tributaire;1;adj
tribune;1;nom
tribunal;1;nom
tressaillîmes;1;nr
tremblement;1;nom
travailleur;1;nom
transylvanie;1;nr
transport;1;nom
transpirer;1;ver
transpercer;1;ver
translucide;1;adj
transitoire;1;adj
transformation;1;nom
transe;1;nom
transcendant;1;adj
tranquilliser;1;ver
tramer;1;ver
trajet;1;nom
traiter;1;ver
tragiquement;1;adv
traduire;1;ver
tracer;1;ver
tout_puissant;1;adj
tournée;1;nom
tournure;1;nom
tourmenter;1;ver
tourbillonner;1;ver
touffu;1;adj
touffe;1;nom
totalement;1;adv
torturer;1;ver
torture;1;nom
torrentiel;1;adj
tordu;1;adj
tordre;1;ver
tonalité;1;nom
tombant;1;adj
tombal;1;adj
tokay;1;nom
titulaire;1;nom
tisser;1;ver
timbre;1;nom
tilleul;1;nom
tic_tac;1;nom
thérèse;1;nr
thermal;1;adj
theiss;1;nr
terroriser;1;ver
terminus;1;nom
tente;1;nom
tendance;1;nom
tenant;1;adj
tempête;1;nom
tempérer;1;ver
tempérament;1;nom
temple;1;nom
teinture;1;nom
teinte;1;nom
tapisser;1;ver
tapage;1;nom
talon;1;nom
talent;1;nom
tacite;1;adj
tableau;1;nom
taban;1;nr
sûreté;1;nom
sévérité;1;nom
sévir;1;ver
sépulcral;1;adj
séjourner;1;ver
séduire;1;ver
séculaire;1;adj
séance;1;nom
szegedin;1;nr
syndic;1;nom
syllabe;1;nom
swendor;1;nr
suspension;1;nom
suspendre;1;ver
susdit;1;adj
surveillant;1;nom
sursis;1;nom
surfait;1;adj
surcroît;1;nom
supériorité;1;nom
supportable;1;adj
suppliant;1;adj
superflu;1;adj
superficiel;1;adj
superficie;1;nom
suiveur;1;nom
suggérer;1;ver
suffisant;1;adj
succombât;1;nr
succomber;1;ver
succession;1;nom
successif;1;adj
submerger;1;ver
stérile;1;adj
styriennes;1;nr
stuttgart;1;nr
strophe;1;nom
strict;1;adj
strasbourg;1;nr
steppe;1;nom
stepack;1;nr
stadtwaldchen;1;nr
spéculation;1;nom
spécialement;1;adv
splendide;1;adj
spectacle;1;nom
soutenable;1;adj
soutacher;1;ver
soustraire;1;ver
sous_directeur;1;nom
sourdement;1;adv
sourcil;1;nom
soupçonner;1;ver
souple;1;adj
soupirer;1;ver
soupir;1;nom
souper;1;nom
souhait;1;nom
souffrant;1;adj
souffler;1;ver
soubassement;1;nom
sot;1;adj
sortilège;1;nom
sornette;1;nom
sonorité;1;nom
sonore;1;adj
sonneur;1;nom
sonnette;1;nom
somptueux;1;adj
sommairement;1;adv
soigneusement;1;adv
soie;1;nom
slavonie;1;nr
sixième;1;adj
sitôt;1;adv
sinuosité;1;nom
sinistre;1;adj
singulièrement;1;adv
simuler;1;ver
simplicité;1;nom
silistrie;1;nr
signification;1;nom
signifiai;1;nr
sifflement;1;nom
siamois;1;nom
sexe;1;nom
serrurerie;1;nom
serbie;1;nr
serbe;1;adj
septentrional;1;adj
sentinelle;1;nom
senteur;1;nom
sensation;1;nom
semblable;1;adj
seigneur;1;nom
secrètement;1;adv
secourir;1;ver
secourable;1;adj
seconder;1;ver
sculpter;1;ver
sceptique;1;adj
scander;1;ver
savane;1;nom
sauvage;1;adj
saurer;1;ver
satisfaisant;1;adj
satanique;1;adj
sanitaire;1;adj
sangle;1;nom
sanctuaire;1;nom
sanctifia;1;nr
salzbourg;1;nr
salut;1;nom
saisissant;1;adj
saisissable;1;adj
saisie;1;nom
saillant;1;adj
sage;1;adj
sagacité;1;nom
saccadé;1;adj
sac;1;nom
rôder;1;ver
rêverie;1;nom
rêve;1;nom
réveiller;1;ver
réveil;1;nom
réunion;1;nom
rétrécir;1;ver
résurrection;1;nom
résultèrent;1;nr
résolu;1;adj
résistance;1;nom
résineux;1;adj
résider;1;ver
résidence;1;nom
réseau;1;nom
réquisitionner;1;ver
répugnance;1;nom
répondisse;1;nr
répertoire;1;nom
réparer;1;ver
réjouir;1;ver
régulièrement;1;adv
régularité;1;nom
réfugié;1;nom
réel;1;adj
réconfortant;1;adj
récolte;1;nom
réciter;1;ver
réciproquement;1;adv
réception;1;nom
réapparition;1;nom
réalisation;1;nom
réaction;1;nom
rythmé;1;adj
rythme;1;nom
rugueux;1;adj
rugissement;1;nom
rugir;1;ver
ruelle;1;nom
rudimentaire;1;adj
rudesse;1;nom
ruban;1;nom
roustchouk;1;nr
roulant;1;adj
rouille;1;nom
rougeur;1;nom
rotation;1;nom
roser;1;ver
rondement;1;adv
rond;1;nom
ronce;1;nom
rompre;1;ver
romance;1;nom
romain;1;adj
rocaille;1;nom
riverain;1;nom
rivaliser;1;ver
rite;1;nom
riposter;1;ver
rimer;1;ver
rigoureusement;1;adv
rigelsbrun;1;nr
ridiculiser;1;ver
ridicule;1;adj
riant;1;adj
revînmes;1;nr
revenant;1;nom
retraite;1;nom
retentissement;1;nom
retard;1;nom
ressusciter;1;ver
ressort;1;nom
resserré;1;adj
ressembler;1;ver
responsable;1;adj
responsabilité;1;nom
resplendissant;1;adj
resplendir;1;ver
respectueusement;1;adv
respect;1;nom
représentant;1;nom
représaille;1;nom
reporter;1;ver
repli;1;nom
repartir;1;ver
renouvellement;1;nom
renommé;1;adj
renier;1;ver
renfermé;1;adj
rendement;1;nom
renaissance;1;nom
remuer;1;ver
remuant;1;adj
remous;1;nom
remords;1;nom
religion;1;nom
rejeter;1;ver
reine;1;nom
regret;1;nom
registre;1;nom
refrain;1;nom
reformer;1;ver
redoutable;1;adj
redire;1;ver
redescendîmes;1;nr
reculions;1;nr
recueillir;1;ver
rectitude;1;nom
recouper;1;ver
reconstitution;1;nom
reconnaissable;1;adj
recoin;1;nom
recherchèrent;1;nr
rebelle;1;adj
raz_de_marée;1;nom
rayé;1;adj
rayonner;1;ver
rayonnement;1;nom
ravisseur;1;nom
ravissement;1;nom
rattacher;1;ver
rasséréner;1;ver
rassurant;1;adj
rassembler;1;ver
raser;1;ver
ras;1;adj
rapprochement;1;nom
ranimer;1;ver
ranger;1;ver
ramification;1;nom
rallier;1;ver
rakos;1;nr
raisonnablement;1;adv
raideur;1;nom
raide;1;adj
ragziens;1;nr
rafraîchissant;1;adj
rafraîchir;1;ver
raffinement;1;nom
radeau;1;nom
quêteuses;1;nr
querelle;1;nom
quelqus;1;nr
quatuor;1;nom
quadruple;1;adj
quadrangulaire;1;adj
pétronel;1;nr
pétrifier;1;ver
pétillant;1;adj
péripétie;1;nom
périphérie;1;nom
période;1;nom
pénétrant;1;adj
pèlerin;1;nom
pâleur;1;nom
pygmalion;1;nr
pussions;1;nr
pupitre;1;nom
punir;1;ver
publier;1;ver
psalmodier;1;ver
prévoyant;1;adj
prévenance;1;nom
prétexte;1;nom
prétendriez;1;nr
prétendant;1;nom
présumé;1;adj
présentation;1;nom
préparatoire;1;adj
préoccupation;1;nom
prénom;1;nom
prémonitoire;1;adj
préluder;1;ver
prélude;1;nom
prélat;1;nom
préhistorique;1;adj
préféré;1;adj
préexistant;1;adj
précieux;1;adj
prudent;1;adj
prudemment;1;adv
proximité;1;nom
provoquer;1;ver
provocation;1;nom
provocant;1;adj
proverbe;1;nom
provenir;1;ver
protestation;1;nom
prospérer;1;ver
proprement;1;adv
propice;1;adj
promptement;1;adv
promontoire;1;nom
promis;1;adj
prolongé;1;adj
prologue;1;nom
prodiguer;1;ver
prochain;1;adj
problème;1;nom
probabilité;1;nom
privilège;1;nom
prisme;1;nom
printemps;1;nom
principalement;1;adv
primatial;1;nr
primat;1;nom
prie_dieu;1;nom
prestance;1;nom
pressentir;1;ver
presqu_île;1;nom
preneur;1;nom
poutre;1;nom
poussière;1;nom
pousseur;1;nom
pourvoir;1;ver
poursuite;1;nom
pourriture;1;nom
poumon;1;nom
pouce;1;nom
pot;1;nom
postérieur;1;adj
posture;1;nom
posthume;1;adj
positif;1;adj
portée;1;nom
portraiturer;1;ver
portemanteau;1;nom
portatif;1;adj
pont_levis;1;nom
pompe;1;nom
pommette;1;nom
polonais;1;nom
policer;1;ver
polaire;1;adj
poisson;1;nom
pointu;1;adj
pointer;1;ver
poignet;1;nom
poignard;1;nom
pluie;1;nom
plonger;1;ver
pleinement;1;adv
plateforme;1;nom
planton;1;nom
plaisanterie;1;nom
plaintif;1;adj
plainte;1;nom
plain_chant;1;nom
piéton;1;nom
piécette;1;nom
piètre;1;adj
pittoresquement;1;nr
pire;1;adj
pipe;1;nom
pilotis;1;nom
pillage;1;nom
pilier;1;nom
pignon;1;nom
pigeonnier;1;nom
pieux;1;adj
peur;1;nom
pessimiste;1;nom
pesmas;1;nr
pesant;1;adj
pervertir;1;ver
perte;1;nom
persistance;1;nom
perpétuer;1;ver
percée;1;nom
perche;1;nom
percevoir;1;ver
perceptible;1;adj
pentele;1;nr
pendre;1;ver
peindre;1;ver
peau;1;nom
pavé;1;adj
patère;1;nom
patène;1;nom
patrimoine;1;nom
patriarche;1;nom
patriarcal;1;adj
patiemment;1;adv
passe_passe;1;nom
particularité;1;nom
participer;1;ver
partager;1;ver
paroxysme;1;nom
paroisse;1;nom
parer;1;ver
parcelle;1;nom
paralyser;1;ver
parachever;1;ver
panser;1;ver
panorama;1;nom
panne;1;nom
pan;1;nom
palpitant;1;adj
palmier;1;nom
paisiblement;1;adv
paillé;1;adj
oval;1;nr
ouvragé;1;adj
ouverture;1;nom
outre_mer;1;adv
outrager;1;ver
outil;1;nom
oubli;1;nom
osciller;1;ver
ornementation;1;nom
originaire;1;adj
orifice;1;nom
orient;1;nom
organisme;1;nom
organiser;1;ver
ordonner;1;ver
orangé;1;adj
opération;1;nom
opulent;1;adj
opposé;1;nom
oos;1;nr
oncle;1;nom
omoplate;1;nom
ogival;1;adj
officiant;1;nom
offertoire;1;nom
ode;1;nom
ocre;1;nom
occasionnerait;1;nr
obéir;1;ver
obturais;1;nr
obsèques;1;nom
obstination;1;nom
obliquer;1;ver
obligeance;1;nom
obligation;1;nom
német;1;nr
nélkül;1;nr
négliger;1;ver
négativement;1;adv
négatif;1;adj
nécessairement;1;adv
numéro;1;nom
nuitamment;1;adv
nu;1;adj
noé;1;nr
noyé;1;adj
noyer;1;ver
noué;1;adj
nouvel;1;adj
nourrir;1;ver
notation;1;nom
notablement;1;adv
normal;1;adj
noriques;1;nr
nord_sud;1;adj
noirci;1;adj
noeud;1;nom
nocturne;1;adj
nièce;1;nom
nicopoli;1;nr
niche;1;nom
niables;1;nr
nez;1;nom
neutre;1;adj
neusatz;1;nr
neumann;1;nr
nervure;1;nom
nervosité;1;nom
nerf;1;nom
neige;1;nom
natte;1;nom
naissant;1;adj
métier;1;nom
méthodique;1;adj
méthode;1;nom
mélodique;1;adj
méditer;1;ver
médaille;1;nom
méandre;1;nom
mâchicoulis;1;nom
mystique;1;adj
musicien;1;nom
musical;1;adj
muscle;1;nom
munster;1;nom
munir;1;ver
munich;1;nom
multiplier;1;ver
mouton;1;nom
mousse;1;nom
mousquet;1;nom
moucher;1;ver
motiver;1;ver
mosquée;1;nom
mortuaire;1;adj
mortier;1;nom
mortel;1;nom
morne;1;adj
mordoré;1;adj
moravie;1;nr
moralement;1;adv
monumental;1;adj
monument;1;nom
monterions;1;nr
monstrueux;1;adj
monotonie;1;nom
monotone;1;adj
monnaie;1;nom
momentanément;1;adv
moldavie;1;nr
moire;1;nom
modéré;1;adj
modérer;1;ver
modification;1;nom
moderne;1;adj
mobile;1;nom
misère;1;nom
mirage;1;nom
miraculeux;1;adj
minuit;1;nom
minorité;1;nom
militairement;1;adv
meurtrier;1;nom
merveilleusement;1;adv
merveille;1;nom
menu;1;nom
mental;1;adj
mener;1;ver
mazurka;1;nom
maussade;1;adj
maudire;1;ver
matérialité;1;nom
matrimonial;1;adj
matière;1;nom
mathusalem;1;nr
mathieu;1;nr
maternité;1;nom
matelas;1;nom
maréchaussée;1;nom
mars;1;nom
marguerite;1;nom
margrade;1;nr
marchandai;1;nr
marchand;1;nom
march;1;nr
maraîcher;1;nom
mansuétude;1;nom
maniement;1;nom
mandat;1;nom
manchette;1;nom
manche;1;nom
maltraiter;1;ver
malheureusement;1;adv
malfaiteur;1;nom
maladie;1;nom
majestueux;1;adj
main_forte;1;nom
magnificence;1;nom
magnat;1;nom
magistrature;1;nom
magistrat;1;nom
magie;1;nom
magasin;1;nom
maestria;1;nom
machine;1;nom
légèrement;1;adv
légat;1;nom
lèpre;1;nom
là_haut;1;adv
là_dessous;1;adv
là_bas;1;adv
luxuriant;1;adj
luxueux;1;adj
lutteur;1;nom
luthérien;1;adj
ludwig;1;nr
lucarne;1;nom
lourd;1;adj
louer;1;ver
losange;1;nom
loisir;1;nom
logis;1;nom
logicien;1;nom
local;1;adj
littéralement;1;adv
liste;1;nom
liquide;1;nom
linéament;1;nom
limitrophe;1;adj
librement;1;adv
leçon;1;nom
lent;1;adj
ledit;1;adj
lecture;1;nom
latin;1;adj
las;1;adj
largeur;1;nom
lanterneau;1;nr
lampe;1;nom
lamentable;1;adj
ladite;1;adj
lacérer;1;ver
lacis;1;nom
labyrinthe;1;nom
kyrie;1;nom
kutya;1;nr
kurtz;1;nr
kurszt;1;nr
kromorn;1;nr
kolbach;1;nr
kabaliste;1;nr
justiciable;1;adj
juif;1;nom
jugement;1;nom
joncher;1;ver
joliment;1;adv
joignît;1;nr
jardinière;1;nom
janvier;1;nom
jangadas;1;nr
jalousie;1;nom
jalon;1;nom
jacob;1;nom
ivrogne;1;nom
italien;1;adj
issue;1;nom
isoler;1;ver
isaac;1;nr
irrévocable;1;adj
irréparable;1;adj
irrégulier;1;adj
irrigation;1;nom
irraisonné;1;adj
ironique;1;adj
inévitable;1;adj
inépuisable;1;adj
inutilité;1;nom
intérieurement;1;adv
introït;1;nom
introuvable;1;adj
interrogateur;1;nom
interprète;1;nom
interpeller;1;ver
interminable;1;adj
intensité;1;nom
intempérie;1;nom
intellectuel;1;adj
intangible;1;adj
intact;1;adj
inséparable;1;adj
insurrection;1;nom
insulteur;1;nom
insulte;1;nom
insuffisance;1;nom
insuccès;1;nom
instruire;1;ver
instinctivement;1;adv
instance;1;nom
installation;1;nom
inspection;1;nom
inspecter;1;ver
insolence;1;nom
insinuer;1;ver
insignifiant;1;adj
insensible;1;adj
insecte;1;nom
inscription;1;nom
inquiet;1;adj
inqualifiable;1;adj
inoubliable;1;adj
inopinément;1;adv
inondation;1;nom
inoccupé;1;adj
innocent;1;adj
injustifié;1;adj
injonction;1;nom
inhumer;1;ver
ingénier;1;ver
infériorité;1;nom
inférieur;1;adj
infortuné;1;adj
infiniment;1;adv
infime;1;adj
infernal;1;adj
inexploré;1;adj
inexplicabilité;1;nr
inertie;1;nom
inerte;1;adj
indécis;1;adj
indéchiffrable;1;adj
indomptable;1;adj
indistinct;1;adj
indigo;1;nom
indifférence;1;nom
indifféremment;1;adv
indice;1;nom
incurie;1;nom
incurable;1;adj
incrédulité;1;nom
incriminer;1;ver
incontinent;1;adj
incontestable;1;adj
incohérence;1;nom
incognito;1;adv
incessamment;1;adv
inanité;1;nom
inaltérable;1;adj
inaccessible;1;adj
impératrice;1;nom
impénétrable;1;adj
impunies;1;nr
impulsion;1;nom
impuissance;1;nom
impudence;1;nom
imprudent;1;adj
imprudemment;1;adv
imprimer;1;ver
impressionnant;1;adj
impressionnable;1;adj
imposte;1;nom
imposant;1;adj
implorer;1;ver
implacable;1;adj
impatienter;1;ver
impatient;1;adj
immédiat;1;adj
imiter;1;ver
imbécile;1;nom
imaginaire;1;adj
image;1;nom
illustré;1;adj
illustre;1;adj
illuminer;1;ver
illumination;1;nom
illimité;1;adj
ici_bas;1;adv
hésitation;1;nom
héroïque;1;adj
hériter;1;ver
hémorragie;1;nom
hère;1;nom
hâtif;1;adj
hâter;1;ver
hâlé;1;adj
humble;1;adj
huis;1;nom
hostilité;1;nom
hospodar;1;nom
hospitalier;1;adj
honnête;1;adj
homicide;1;nom
hollandais;1;adj
hiver;1;nom
historique;1;adj
hiatus;1;nom
herman;1;nr
herbage;1;nom
henrich;1;nr
haïr;1;ver
hautain;1;adj
hausser;1;ver
hausse;1;nom
harmonieux;1;adj
hardiment;1;adv
haraian;1;nr
haletant;1;adj
hainbourg;1;nr
haie;1;nom
hacher;1;ver
habituer;1;ver
habitable;1;adj
habillement;1;nom
habileté;1;nom
habile;1;adj
géométrale;1;nr
généralement;1;adv
gémissement;1;nom
géant;1;adj
gène;1;nom
gâcher;1;ver
gyor;1;nr
gygès;1;nr
guérite;1;nom
gull;1;nr
guider;1;ver
gueule;1;nom
guetter;1;ver
guerrier;1;nom
guenille;1;nom
gré;1;nom
grès;1;nom
grouper;1;ver
grossir;1;ver
gronder;1;ver
grisé;1;adj
grisâtre;1;adj
grisonnant;1;adj
gris;1;adj
grimper;1;ver
grillager;1;ver
grillage;1;nom
grenzer;1;nr
grec;1;nom
gravier;1;nom
graver;1;ver
grandiose;1;adj
grand_père;1;nom
grand_duché;1;nom
grand_duc;1;nom
grade;1;nom
gouvernail;1;nom
goutte;1;nom
gourmander;1;ver
gourmand;1;adj
gosier;1;nom
gorge;1;nom
gonfler;1;ver
gond;1;nom
gloria;1;nom
gloire;1;nom
globe;1;nom
glissement;1;nom
glissant;1;adj
glas;1;nom
glace;1;nom
gilet;1;nom
germe;1;nom
gargouille;1;nom
gardien;1;nom
garde_fou;1;nom
gamme;1;nom
galopade;1;nom
galop;1;nom
galiote;1;nom
galatz;1;nr
galathée;1;nom
gala;1;nom
gagnant;1;nom
féodalité;1;nom
fâcheux;1;adj
futile;1;adj
furieux;1;adj
furieusement;1;adv
funérailles;1;nom
funèbre;1;adj
fulgurer;1;ver
fulgurant;1;adj
fuite;1;nom
frôler;1;ver
fréquenté;1;adj
fréquent;1;adj
fréquemment;1;adv
frénétiquement;1;adv
frénétique;1;adj
frénésie;1;nom
frémissant;1;adj
frédéric;1;nr
fructueux;1;adj
frou_frou;1;nom
frotter;1;ver
fraternellement;1;adv
frappant;1;adj
franchise;1;nom
fourreau;1;nom
fournaise;1;nom
fourmiller;1;ver
fouillis;1;nom
foudroyer;1;ver
foudre;1;nom
fossé;1;nom
forêt;1;nom
formuler;1;ver
formellement;1;adv
fonte;1;nom
fontaine;1;nom
fonds;1;nom
fonctionnement;1;nom
fonction;1;nom
foncer;1;ver
foldrar;1;nr
fol;1;adj
foire;1;nom
flétrir;1;ver
fluide;1;adj
flottille;1;nom
flotte;1;nom
flot;1;nom
flatterait;1;nr
flair;1;nom
fiévreux;1;adj
fischamenan;1;nr
finesse;1;nom
finement;1;adv
filial;1;adj
figuré;1;adj
fierté;1;nom
feuille;1;nom
feuillage;1;nom
fervent;1;adj
fertilité;1;nom
ferrugineux;1;adj
fermement;1;adv
faîtage;1;nom
favoriser;1;ver
favori;1;adj
fauve;1;nom
faute;1;nom
faucher;1;ver
fatras;1;nom
farouche;1;adj
fantaisiste;1;adj
fanatique;1;nom
familièrement;1;adv
familier;1;adj
familiariser;1;ver
faiseur;1;nom
faim;1;nom
facture;1;nom
facilité;1;nom
fable;1;nom
exécrable;1;adj
extravagant;1;adj
exquis;1;adj
exploit;1;nom
explicable;1;adj
exorciser;1;ver
exorbité;1;adj
exilé;1;nom
exigu;1;adj
exhiber;1;ver
exercice;1;nom
excuser;1;ver
excuse;1;nom
excessif;1;adj
excelsis;1;nr
exactitude;1;nom
européen;1;adj
europe;1;nr
ethnographiques;1;nr
estafilade;1;nom
espagnolette;1;nom
espagne;1;nr
escarmouche;1;nom
escamoteur;1;nom
escamotage;1;nom
escabeau;1;nom
erreur;1;nom
envelopper;1;ver
enveloppe;1;nom
envahissement;1;nom
entretenir;1;ver
entremêler;1;ver
entremise;1;nom
entrain;1;nom
entonner;1;ver
enthousiasme;1;nom
entaille;1;nom
ensuivît;1;nr
ensuivre;1;ver
ensevelir;1;ver
enserrer;1;ver
enseigner;1;ver
ensanglanté;1;adj
ennuyer;1;ver
ennui;1;nom
enjoué;1;adj
enjoindre;1;ver
engendrer;1;ver
engagement;1;nom
encourir;1;ver
encouragement;1;nom
enclos;1;nom
enchère;1;nom
enceinte;1;adj
encastrer;1;ver
encadrer;1;ver
emprisonnement;1;nom
empressé;1;nom
emplir;1;ver
empiètement;1;nr
emparer;1;ver
embraser;1;ver
embolie;1;nom
embarrasser;1;ver
embarras;1;nom
embarquement;1;nom
emballer;1;ver
effroyable;1;adj
effrayant;1;adj
efficacement;1;adv
effectivement;1;adv
effarer;1;ver
ecclésiastique;1;adj
eb;1;nr
dévouement;1;nom
dévisager;1;ver
détraqué;1;nom
détourner;1;ver
détenteur;1;nom
détente;1;nom
détenir;1;ver
déteindre;1;ver
détachement;1;nom
désoler;1;ver
désobligeant;1;adj
désireux;1;adj
désigner;1;ver
désespéré;1;adj
désespérer;1;ver
déserter;1;ver
désemparer;1;ver
désavantageuses;1;nr
désarmé;1;adj
désarmer;1;ver
désagréable;1;adj
déranger;1;ver
déraisonner;1;ver
dépourvu;1;adj
déployer;1;ver
déplorer;1;ver
déplaisir;1;nom
déplaire;1;ver
déparer;1;ver
dépareillé;1;adj
dénuer;1;ver
dénomination;1;nom
démonstration;1;nom
démesurément;1;adv
démesuré;1;adj
dément;1;adj
démasquer;1;ver
démarrer;1;ver
démarrage;1;nom
délivrer;1;ver
délire;1;nom
délicat;1;adj
délaissé;1;adj
délabrer;1;ver
déjeté;1;adj
défunt;1;nom
définition;1;nom
dédale;1;nom
dédain;1;nom
dédaigneux;1;adj
décès;1;nom
décroit;1;nr
décousu;1;adj
découper;1;ver
décorer;1;ver
décomposé;1;adj
décoloré;1;adj
déclinerais;1;nr
débuter;1;ver
déboucher;1;ver
déborder;1;ver
débat;1;nom
débarquement;1;nom
dureté;1;nom
duel;1;nom
dressé;1;adj
dressoir;1;nom
dresser;1;ver
drapeau;1;nom
drap;1;nom
dramatique;1;adj
dracenas;1;nr
doux;1;adj
douve;1;nom
douteux;1;adj
douloureux;1;adj
douer;1;ver
douceur;1;nom
doubler;1;ver
doublement;1;adv
doter;1;ver
dormir;1;ver
don;1;nom
domination;1;nom
doimas;1;nr
document;1;nom
dmain;1;nr
diètes;1;nr
diviser;1;ver
divertissement;1;nom
divan;1;nom
district;1;nom
distraire;1;ver
distinctement;1;adv
distinct;1;adj
dissoute;1;adj
disputer;1;ver
disparition;1;nom
discussion;1;nom
discours;1;nom
discipline;1;nom
directeur;1;nom
diminuer;1;ver
dimension;1;nom
dimanche;1;nom
dilettante;1;nom
dilemme;1;nom
difficilement;1;adv
dicter;1;ver
diablerie;1;nom
devancer;1;ver
deuil;1;nom
destructeur;1;adj
destin;1;nom
desservir;1;ver
dessert;1;nom
dessaisir;1;ver
description;1;nom
dent;1;nom
demi_sommeil;1;nom
demi_douzaine;1;nom
demeuré;1;nom
de_visu;1;adv
de_plano;1;adv
datât;1;nr
danser;1;ver
dangereusement;1;adv
damné;1;adj
dalle;1;nom
céréale;1;nom
célébrité;1;nom
célébration;1;nom
célibat;1;nom
céleste;1;adj
curé;1;nom
cultivé;1;adj
cultivateur;1;nom
culpabilité;1;nom
culotte;1;nom
cuisse;1;nom
cuisinier;1;nom
cuir;1;nom
crêpelure;1;nom
crénelé;1;adj
crédulité;1;nom
croupe;1;nom
croisillon;1;nom
criminel;1;nom
craintif;1;adj
cracovie;1;nr
couver;1;ver
coutumier;1;adj
courtine;1;nom
couronné;1;adj
coupole;1;nom
couper;1;ver
couchette;1;nom
couchant;1;adj
cornue;1;nom
cordialement;1;adv
cordial;1;adj
coquin;1;nom
convulsion;1;nom
convoquer;1;ver
converser;1;ver
contribuer;1;ver
contrepoison;1;nom
contre_allée;1;nom
contraster;1;ver
contour;1;nom
contigu;1;adj
conter;1;ver
content;1;adj
contact;1;nom
conséquent;1;adj
consécutif;1;adj
consécration;1;nom
construction;1;nom
constitution;1;nom
constellation;1;nom
consommer;1;ver
console;1;nom
conseiller;1;nom
conseil;1;nom
consciencieux;1;adj
consciencieusement;1;adv
conscience;1;nom
connaisseur;1;nom
conférer;1;ver
confus;1;adj
conformément;1;adv
confiteor;1;nom
confirmer;1;ver
confirmation;1;nom
confier;1;ver
confident;1;nom
confesser;1;ver
concitoyen;1;nom
conciliabule;1;nom
concevoir;1;ver
concevable;1;adj
concetto;1;nom
concert;1;nom
compréhensible;1;adj
complètement;1;adv
compliqué;1;adj
compliquer;1;ver
complaisant;1;adj
comparaître;1;ver
comparaîtrais;1;nr
commère;1;nom
communiquer;1;ver
communicatif;1;adj
commode;1;adj
commandant;1;nom
combattre;1;ver
combattant;1;nom
combat;1;nom
colorer;1;ver
colonel;1;nom
collègue;1;nom
collection;1;nom
cohésion;1;nom
cocher;1;adj
clameur;1;nom
clairement;1;adv
citoyen;1;nom
citer;1;ver
citadin;1;nom
cire;1;nom
circulation;1;nom
circulaire;1;adj
circonférence;1;nom
cime;1;nom
cigare;1;nom
cierge;1;nom
cicatriser;1;ver
chéri;1;nom
châtiment;1;nom
chrétienté;1;nom
choc;1;nom
chirurgien;1;nom
chimérique;1;adj
chiffre;1;nom
chien;1;nom
chevrotant;1;adj
cheville;1;nom
chevalet;1;nom
chenet;1;nom
chemisette;1;nom
chef_d_oeuvre;1;nom
chausser;1;ver
chasser;1;ver
charpente;1;nom
charitable;1;adj
chardon;1;nom
charbon;1;nom
chapelet;1;nom
chantre;1;nom
chancelier;1;nom
chaleur;1;nom
chaire;1;nom
cervelle;1;nom
centième;1;adj
cellule;1;nom
ceinturon;1;nom
ceinturer;1;ver
ceindre;1;ver
causât;1;nr
causerie;1;nom
cataleptique;1;adj
cataclysme;1;nom
casser;1;ver
caserne;1;nom
caser;1;ver
cartouche;1;nom
carton;1;nom
carte;1;nom
carreau;1;nom
carnation;1;nom
carlsruhe;1;nr
cardinal;1;nom
carboniser;1;ver
capricieux;1;adj
capricieusement;1;adv
canon;1;nom
canne;1;nom
candaule;1;nr
canapé;1;nom
canal;1;nom
camper;1;ver
campanaire;1;adj
camard;1;adj
calculer;1;ver
caisse;1;nom
cadran;1;nom
cadeau;1;nom
cabane;1;nom
cabalistique;1;adj
bête;1;adj
bénédiction;1;nom
bénit;1;adj
bénin;1;adj
béatement;1;adv
bé;1;adj
bâtisse;1;nom
bâiller;1;ver
bâbord;1;nom
buffle;1;nom
brésilien;1;adj
broussaille;1;nom
bronze;1;nom
broder;1;ver
brodequin;1;nom
brièvement;1;adv
brillamment;1;adv
brigadier;1;nom
bravade;1;nom
branler;1;ver
brandir;1;ver
branchage;1;nom
brancard;1;nom
braise;1;nom
braila;1;nr
boutique;1;nom
bouteille;1;nom
bourse;1;nom
bourreau;1;nom
bouleversement;1;nom
boulet;1;nom
bouger;1;ver
boucler;1;ver
botte;1;nom
borner;1;ver
bonhomme;1;nom
bondir;1;ver
bombardement;1;nom
boeuf;1;nom
bocal;1;nom
bleuté;1;adj
blesser;1;ver
blanchir;1;ver
blancheur;1;nom
bistouri;1;nom
bise;1;nom
bijoux;1;nom
bihar;1;nr
bigarrure;1;nom
bienfaisance;1;nom
bien_aimé;1;adj
biblique;1;adj
berlin;1;nom
bercer;1;ver
belgrade;1;nr
bec_de_cane;1;nom
beau_père;1;nom
bavière;1;nr
battement;1;nom
battant;1;nom
batta;1;nr
batellerie;1;nom
bateleur;1;nom
bataille;1;nom
bastionnées;1;nr
bastingage;1;nom
bastide;1;nom
basculer;1;ver
barre;1;nom
barque;1;nom
barbiche;1;nom
barbarie;1;nom
baptême;1;nom
banquette;1;nom
banlieue;1;nom
banalité;1;nom
ban;1;nom
balle;1;nom
ballade;1;nom
balancer;1;ver
baiser;1;ver
bain;1;nom
baillons;1;nr
bailli;1;nom
baie;1;nom
baguette;1;nom
bac;1;nom
babil;1;nom
baba;1;nom
aîné;1;adj
aérien;1;adj
aération;1;nom
axe;1;nom
avertirais;1;nr
averse;1;nom
avenant;1;adj
avant_veille;1;nom
avant_garde;1;nom
avant_corps;1;nom
avancé;1;adj
aux_aguets;1;adv
autoriser;1;ver
autopsie;1;nom
authenticité;1;nom
auréolé;1;adj
aune;1;nom
aumônier;1;nom
augure;1;nom
augsbourg;1;nr
audition;1;nom
audacieux;1;adj
auberge;1;nom
au_dessous;1;adv
au_delà;1;adv
attérés;1;nr
attroupement;1;nom
attrait;1;nom
attester;1;ver
attendrir;1;ver
attarderons;1;nr
attarderais;1;nr
attaquions;1;nr
astronomique;1;adj
astreindre;1;ver
astre;1;nom
assouvir;1;ver
assourdissant;1;adj
assoupir;1;ver
association;1;nom
assidûment;1;adv
assassin;1;nom
aspirer;1;ver
asile;1;nom
ascension;1;nom
articulation;1;nom
arsenal;1;nom
arrondi;1;adj
arranger;1;ver
arracheur;1;nom
armer;1;ver
aristoloche;1;nom
aride;1;adj
archiduc;1;nom
archevêque;1;nom
arcane;1;nom
arcade;1;nom
arc_boutant;1;nom
arbuste;1;nom
arbrisseau;1;nom
araucaria;1;nom
aquatique;1;adj
apte;1;adj
appuyer;1;ver
appréhendèrent;1;nr
appréciation;1;nom
appréciable;1;adj
approprié;1;adj
approbation;1;nom
applaudir;1;ver
appendre;1;ver
apparition;1;nom
apostolique;1;adj
apaiser;1;ver
apaisement;1;nom
anéantissement;1;nom
anéantir;1;ver
antérieurement;1;adv
antiquité;1;nom
antipathique;1;adj
antagoniste;1;nom
anormal;1;adj
annexe;1;adj
anneau;1;nom
animosité;1;nom
animal;1;nom
andré;1;nr
analyse;1;nom
américain;1;adj
aménager;1;ver
amélioration;1;nom
amoncellement;1;nom
amonceler;1;ver
amical;1;adj
amer;1;adj
amarrer;1;ver
altérer;1;ver
alterner;1;ver
altenbourg;1;nr
alsace;1;nr
allumer;1;ver
aliter;1;ver
aligner;1;ver
alambic;1;nom
aise;1;nom
aire;1;nom
aimanter;1;ver
aimable;1;adj
aiguillon;1;nom
aigrette;1;nom
agrémenté;1;adj
agréer;1;ver
afféterie;1;nom
affreusement;1;adv
affranchir;1;ver
affluent;1;nom
affluence;1;nom
affirmation;1;nom
affiné;1;adj
affectueux;1;adj
affectueusement;1;adv
affaiblir;1;ver
adroit;1;adj
adriatique;1;adj
adorable;1;adj
administrer;1;ver
administration;1;nom
adjurer;1;ver
actuellement;1;adv
actuel;1;adj
activer;1;ver
acquérir;1;ver
acolyte;1;nom
acheteur;1;nom
acheter;1;ver
achat;1;nom
acharnions;1;nr
acharnement;1;nom
accès;1;nom
acculer;1;ver
accoutumer;1;ver
accoster;1;ver
accordâmes;1;nr
accompli;1;adj
accident;1;nom
acception;1;nom
accentuer;1;ver
accent;1;nom
accalmie;1;nom
acacia;1;nom
abuser;1;ver
absurde;1;adj
absorbant;1;adj
abréger;1;ver
abraham;1;nr
aborder;1;ver
abordable;1;adj
abord;1;nom
abonder;1;ver
abondant;1;adj
abaissé;1;adj
abaisser;1;ver