franz;245;nr
nic;163;nr
château;154;nom
docteur;149;nom
burg;146;nom
deck;142;nom
comte;141;nom
aller;138;ver
jeune;129;adj
maître;128;nom
gortz;124;nr
werst;119;nr
venir;118;ver
baron;110;nom
stilla;108;nr
répondre;103;ver
voir;102;ver
village;99;nom
koltz;97;nr
forestier;88;adj
carpathes;86;nr
entendre;82;ver
voix;80;nom
télek;79;nr
heure;78;nom
patak;77;nr
frik;77;nr
rotzko;75;nr
prendre;75;ver
nuit;73;nom
donjon;70;nom
grand;67;adj
rodolphe;64;nr
porte;64;nom
dernier;64;adj
arriver;64;ver
plateau;61;nom
jonas;59;nr
reprendre;58;ver
passer;58;ver
jour;58;nom
demander;57;ver
pied;56;nom
main;55;nom
homme;55;nom
temps;52;nom
travers;51;nom
donner;51;ver
seul;50;adj
premier;50;adj
pays;50;nom
orfanik;50;nr
berger;50;nom
oeil;49;nom
revenir;47;ver
rester;47;ver
vulkan;46;nr
suivre;45;ver
laisser;45;ver
quitter;44;ver
miriota;44;nr
mettre;44;ver
long;44;adj
fond;44;nom
col;44;nom
sembler;43;ver
route;43;nom
orgall;43;nr
milieu;42;nom
vieux;41;adj
salle;41;nom
mathias_;41;nr
fois;41;nom
_roi;41;nr
écrier;40;ver
trouver;40;ver
rendre;40;ver
tenir;38;ver
moment;37;nom
gens;37;nom
arrêter;37;ver
échapper;36;ver
magister;36;nom
esprit;36;nom
chercher;36;ver
enceinte;35;adj
ouvrir;34;ver
répéter;33;ver
regarder;33;ver
effet;33;nom
beau;33;adj
sentir;32;ver
sol;31;nom
peine;31;nom
famille;31;nom
attendre;31;ver
pénétrer;30;ver
haut;30;adj
auberge;30;nom
année;30;nom
tomber;29;ver
partir;29;ver
paraître;29;ver
doute;29;nom
descendre;29;ver
connaître;29;ver
raison;28;nom
parvenir;28;ver
instant;28;nom
fumée;28;nom
apercevoir;28;ver
vivre;27;ver
soir;27;nom
regard;27;nom
reconnaître;27;ver
plesa;27;nr
perdre;27;ver
lunette;27;nom
hermod;27;nr
fille;27;nom
courtine;27;nom
abandonner;27;ver
tête;26;nom
théâtre;26;nom
sil;26;nom
servir;26;ver
poterne;26;nom
penser;26;ver
nom;26;nom
lumière;26;nom
franchir;26;ver
chose;26;nom
ancien;26;adj
pierre;25;nom
parler;25;ver
marcher;25;ver
décider;25;ver
devenir;25;ver
convenir;25;ver
chemin;25;nom
état;24;nom
voyageur;24;nom
vallée;24;nom
occuper;24;ver
naples;24;nr
mort;24;nom
jeter;24;ver
gauche;24;nom
coup;24;nom
chapelle;24;nom
bastion;24;nom
surnaturel;23;adj
sortir;23;ver
retenir;23;ver
remonter;23;ver
porter;23;ver
petit;23;adj
bruit;23;nom
biró;23;nr
atteindre;23;ver
air;23;nom
visiter;22;ver
terrasse;22;nom
roumain;22;nom
relever;22;ver
pont_levis;22;nom
monde;22;nom
fou;22;adj
chant;22;nom
chambre;22;nom
arbre;22;nom
ami;22;nom
pousser;21;ver
pensée;21;nom
passage;21;nom
parole;21;nom
maison;21;nom
légende;21;nom
karlsburg;21;nr
jambe;21;nom
direction;21;nom
cours;21;nom
plutôt;20;adv
montrer;20;ver
intérieur;20;nom
habitant;20;nom
forêt;20;nom
fermer;20;ver
face;20;nom
compagnon;20;nom
angle;20;nom
roche;19;nom
rencontrer;19;ver
produire;19;ver
phénomène;19;nom
mourir;19;ver
lit;19;nom
fossé;19;nom
fenêtre;19;nom
essayer;19;ver
côté;19;nom
brave;19;adj
artiste;19;nom
apparaître;19;ver
épouvante;18;nom
épais;18;adj
âme;18;nom
vivant;18;adj
vie;18;nom
tirer;18;ver
tarder;18;ver
souvenir;18;ver
songer;18;ver
permettre;18;ver
mur;18;nom
montagne;18;nom
hêtre;18;nom
endroit;18;nom
eau;18;nom
crypte;18;nom
courir;18;ver
compte;18;nom
coeur;18;nom
bras;18;nom
présenter;17;ver
possible;17;adj
place;17;nom
moyen;17;nom
lieu;17;nom
large;17;adj
feu;17;nom
existence;17;nom
comprendre;17;ver
branche;17;nom
appeler;17;ver
ajouter;17;ver
étage;16;nom
sentiment;16;nom
scène;16;nom
rue;16;nom
police;16;nom
partie;16;nom
offrir;16;ver
muraille;16;nom
gros;16;adj
entrer;16;ver
dormir;16;ver
cri;16;nom
compter;16;ver
colporteur;16;nom
apprendre;16;ver
appareil;16;nom
écouter;15;ver
vrai;15;adj
suffire;15;ver
seulement;15;adv
remettre;15;ver
profond;15;adj
pauvre;15;adj
ombre;15;nom
observer;15;ver
idée;15;nom
hâter;15;ver
génie;15;nom
finir;15;ver
droite;15;nom
diriger;15;ver
craindre;15;ver
coucher;15;ver
comitat;15;nr
chaîne;15;nom
au_delà;15;adv
agent;15;nom
accompagner;15;ver
étrange;14;adj
époque;14;nom
transylvanie;14;nr
table;14;nom
sorte;14;nom
soleil;14;nom
répliquer;14;ver
retyezat;14;nr
précipiter;14;ver
population;14;nom
obstacle;14;nom
nyad;14;nr
massif;14;adj
intention;14;nom
indiquer;14;ver
impossible;14;adj
importer;14;ver
hôte;14;nom
hauteur;14;nom
frapper;14;ver
fiancé;14;nom
engager;14;ver
empêcher;14;ver
commencer;14;ver
client;14;nom
briser;14;ver
bout;14;nom
aubergiste;14;nom
agir;14;ver
affaire;14;nom
écouler;13;ver
valaque;13;nom
seconde;13;nom
san;13;nr
réduire;13;ver
oreille;13;nom
nuage;13;nom
nombre;13;nom
noir;13;adj
murmurer;13;ver
monter;13;ver
minute;13;nom
mauvais;13;adj
lointain;13;adj
lever;13;ver
frontière;13;nom
former;13;ver
figure;13;nom
femme;13;nom
entraîner;13;ver
droit;13;nom
dresser;13;ver
distance;13;nom
corps;13;nom
condition;13;nom
cloche;13;nom
carlo;13;nr
arracher;13;ver
approcher;13;ver
achever;13;ver
étranger;12;adj
vérité;12;nom
voyage;12;nom
verre;12;nom
traverser;12;ver
tour;12;nom
tenter;12;ver
sommeil;12;nom
soin;12;nom
situation;12;nom
saisir;12;ver
ruine;12;nom
retourner;12;ver
rejoindre;12;ver
recevoir;12;ver
pâtour;12;nom
public;12;adj
prêt;12;adj
prévenir;12;ver
provoquer;12;ver
paroi;12;nom
nouveau;12;adj
mot;12;nom
mesure;12;nom
loge;12;nom
krajowa;12;nr
humain;12;nom
fil;12;nom
extrémité;12;nom
exister;12;ver
enfuir;12;ver
départ;12;nom
coûter;12;ver
clarté;12;nom
cheveu;12;nom
cheminée;12;nom
cesser;12;ver
bientôt;12;adv
apparition;12;nom
élever;11;ver
vendre;11;ver
travail;11;nom
torrent;11;nom
supérieur;11;adj
semblable;11;adj
résolution;11;nom
retrouver;11;ver
représentation;11;nom
regagner;11;ver
présence;11;nom
prononcer;11;ver
posséder;11;ver
personnage;11;nom
pendre;11;ver
obliger;11;ver
notable;11;adj
mouton;11;nom
menace;11;nom
manquer;11;ver
lueur;11;nom
juif;11;adj
italie;11;nr
inutile;11;adj
infirmier;11;nom
immobile;11;adj
hésiter;11;ver
histoire;11;nom
guère;11;adv
garder;11;ver
galerie;11;nom
fin;11;nom
fauteuil;11;nom
escalier;11;nom
entrée;11;nom
défendre;11;ver
disparaître;11;ver
ciel;11;nom
chort;11;nr
cas;11;nom
cantatrice;11;nom
cacher;11;ver
bourgade;11;nom
bois;11;nom
besoin;11;nom
base;11;nom
aventure;11;nom
aimer;11;ver
adresser;11;ver
évidemment;10;adv
éloigner;10;ver
égarer;10;ver
visite;10;nom
troupeau;10;nom
terre;10;nom
séparer;10;ver
soldat;10;nom
siècle;10;nom
silence;10;nom
risquer;10;ver
rentrer;10;ver
refuser;10;ver
rayon;10;nom
ramener;10;ver
raconter;10;ver
question;10;nom
présent;10;nom
projet;10;nom
prix;10;nom
plaire;10;ver
phrase;10;nom
paysan;10;nom
payer;10;ver
oublier;10;ver
oser;10;ver
nécessaire;10;adj
nouvelle;10;adj
nature;10;nom
malheur;10;nom
lèvre;10;nom
juge;10;nom
journée;10;nom
intérêt;10;nom
inexplicable;10;adj
hanter;10;ver
glisser;10;ver
fuir;10;ver
forme;10;nom
façon;10;nom
extrême;10;adj
explication;10;nom
enfermer;10;ver
disposer;10;ver
crête;10;nom
courant;10;adj
conversation;10;nom
contrescarpe;10;nom
communication;10;nom
chanter;10;ver
causer;10;ver
campagne;10;nom
boire;10;ver
bas;10;adj
attacher;10;ver
assurer;10;ver
appartenir;10;ver
admettre;10;ver
étroit;9;adj
étendre;9;ver
établir;9;ver
épaule;9;nom
ville;9;nom
valoir;9;ver
unique;9;adj
tunnel;9;nom
troubler;9;ver
touriste;9;nom
terre_plein;9;nom
tentative;9;nom
tendre;9;ver
surface;9;nom
répandre;9;ver
récit;9;nom
retour;9;nom
reparaître;9;ver
rapprocher;9;ver
principal;9;adj
part;9;nom
obscurité;9;nom
objet;9;nom
montant;9;nom
mois;9;nom
midi;9;nom
livrer;9;ver
libre;9;adj
kolosvar;9;nr
invisible;9;adj
imagination;9;nom
horizon;9;nom
habiter;9;ver
fumer;9;ver
fortune;9;nom
fixer;9;ver
facile;9;adj
explosion;9;nom
expliquer;9;ver
espérer;9;ver
enlever;9;ver
dégager;9;ver
douleur;9;nom
dieu;9;nom
demi_heure;9;nom
couloir;9;nom
construction;9;nom
consentir;9;ver
connaissance;9;nom
bouche;9;nom
botte;9;nom
attirer;9;ver
art;9;nom
antique;9;adj
étonner;8;ver
éteindre;8;ver
école;8;nom
véritable;8;adj
vraiment;8;adv
victime;8;nom
tourner;8;ver
sombre;8;adj
simple;8;adj
serviteur;8;nom
service;8;nom
résoudre;8;ver
réalité;8;nom
revoir;8;ver
redescendre;8;ver
rapporter;8;ver
rappeler;8;ver
quarantaine;8;nom
père;8;nom
prétendre;8;ver
province;8;nom
propos;8;nom
promettre;8;ver
profit;8;nom
prier;8;ver
poser;8;ver
plate_forme;8;nom
pilier;8;nom
peur;8;nom
petroseny;8;nr
pente;8;nom
pasteur;8;nom
origine;8;nom
observation;8;nom
meilleur;8;adj
matin;8;nom
masse;8;nom
mariage;8;nom
instrument;8;nom
inspirer;8;ver
imaginer;8;ver
gagner;8;ver
final;8;adj
fer;8;nom
embrasure;8;nom
effroyable;8;adj
effort;8;nom
dépasser;8;ver
défier;8;ver
découvrir;8;ver
disposition;8;nom
difficulté;8;nom
difficile;8;adj
dessiner;8;ver
curiosité;8;nom
curieux;8;adj
culture;8;nom
couteau;8;nom
continuer;8;ver
contenter;8;ver
conduire;8;ver
complet;8;adj
charme;8;nom
certainement;8;adv
centre;8;nom
catastrophe;8;nom
cabaretier;8;nom
blanc;8;adj
baisser;8;ver
avancer;8;ver
autorité;8;nom
asseoir;8;ver
apporter;8;ver
accepter;8;ver
événement;7;nom
énorme;7;adj
écho;7;nom
ébranler;7;ver
voûte;7;nom
vif;7;adj
vapeur;7;nom
valaques;7;nr
transylvaines;7;nr
teinte;7;nom
taille;7;nom
surprendre;7;ver
sud;7;nom
soutenir;7;ver
sonner;7;ver
sommet;7;nom
seuil;7;nom
secouer;7;ver
savant;7;nom
sapinière;7;nom
réflexion;7;nom
rude;7;adj
rompre;7;ver
rideau;7;nom
recueillir;7;ver
rassurer;7;ver
rang;7;nom
rakiou;7;nr
puissant;7;adj
promesse;7;nom
pointe;7;nom
pareil;7;adj
orlando;7;nr
obtenir;7;ver
obscur;7;adj
niveau;7;nom
naturel;7;adj
mêler;7;ver
médecin;7;nom
malfaiteur;7;nom
malfaisant;7;adj
lourd;7;adj
livadzel;7;nr
lisière;7;nom
jusqu_aux;7;nr
inquiéter;7;ver
honneur;7;nom
herbe;7;nom
habitude;7;nom
gentilhomme;7;nom
gendarme;7;nom
fusil;7;nom
frais;7;adj
forcer;7;ver
florin;7;nom
fantastique;7;adj
fameux;7;adj
fait;7;nom
europe;7;nr
estrade;7;nom
envoyer;7;ver
enfouir;7;ver
emplir;7;ver
détruire;7;ver
détour;7;nom
détacher;7;ver
défilé;7;nom
durer;7;ver
douter;7;ver
dominer;7;ver
digne;7;adj
croupe;7;nom
crainte;7;nom
cime;7;nom
cher;7;adj
changer;7;ver
central;7;adj
centaine;7;nom
ceinture;7;nom
brusquement;7;adv
banc;7;nom
attention;7;nom
aspect;7;nom
appartement;7;nom
amour;7;nom
allonger;7;ver
admirable;7;adj
adieu;7;nom
accès;7;nom
éprouver;6;ver
émotion;6;nom
éclat;6;nom
échanger;6;ver
âge;6;nom
vent;6;nom
vaste;6;adj
vain;6;adj
tuyau;6;nom
tromper;6;ver
transylvaine;6;nr
trace;6;nom
terreur;6;nom
talus;6;nom
taire;6;ver
sûr;6;adj
superstition;6;nom
souterrain;6;adj
souffle;6;nom
solitude;6;nom
secret;6;nom
sang;6;nom
saison;6;nom
réserve;6;nom
rome;6;nr
ressentir;6;ver
respirer;6;ver
renoncer;6;ver
rencontre;6;nom
remarquer;6;ver
refuge;6;nom
recouvrir;6;ver
rare;6;adj
race;6;nom
pur;6;adj
prêter;6;ver
près_de;6;adv
portrait;6;nom
plan;6;nom
placer;6;ver
pencher;6;ver
parcourir;6;ver
ouverture;6;nom
oblique;6;adj
moitié;6;nom
mine;6;nom
maudit;6;adj
mardi;6;nom
manger;6;ver
là_bas;6;adv
lune;6;nom
lumineux;6;adj
langue;6;nom
lancer;6;ver
italien;6;adj
irrésistible;6;adj
insister;6;ver
influence;6;nom
heurter;6;ver
heureux;6;adj
hasarder;6;ver
grave;6;adj
froid;6;adj
fouillis;6;nom
foi;6;nom
flamme;6;nom
ferrure;6;nom
fatigue;6;nom
exprimer;6;ver
escalader;6;ver
entrailles;6;nom
entourer;6;ver
ensemble;6;adv
emporter;6;ver
effroi;6;nom
développer;6;ver
désert;6;adj
dérouler;6;ver
déposer;6;ver
distinctement;6;adv
dilettante;6;nom
diabolique;6;adj
cuir;6;nom
crier;6;ver
couronner;6;ver
contrée;6;nom
contenir;6;ver
concerner;6;ver
commun;6;adj
comble;6;nom
circonstance;6;nom
chien;6;nom
chevelure;6;nom
champ;6;nom
calmer;6;ver
bête;6;nom
brume;6;nom
broc;6;nom
brisé;6;adj
brique;6;nom
brebis;6;nom
boîte;6;nom
bissac;6;nom
autrement;6;adv
aussitôt;6;adv
au_dehors;6;adv
argent;6;nom
amener;6;ver
allumer;6;ver
affirmer;6;ver
acheter;6;ver
absorber;6;ver
absolument;6;adv
étoile;5;nom
épaisseur;5;nom
élancer;5;ver
écraser;5;ver
éclairé;5;adj
çà;5;adv
voisin;5;nom
vingtaine;5;nom
verrou;5;nom
verdure;5;nom
usage;5;nom
téléphonique;5;adj
tsigane;5;nom
traîner;5;ver
séjourner;5;ver
superstitieux;5;adj
superbe;5;adj
spectateur;5;nom
simplement;5;adv
science;5;nom
satisfaire;5;ver
sapin;5;nom
santo;5;nr
rêver;5;ver
réunion;5;nom
réputation;5;nom
réponse;5;nom
réfléchir;5;ver
réel;5;adj
rive;5;nom
riche;5;adj
revenant;5;nom
reposer;5;ver
repos;5;nom
renouveler;5;ver
renfermer;5;ver
remplir;5;ver
redresser;5;ver
ramper;5;ver
racine;5;nom
quatrième;5;adj
puits;5;nom
préparer;5;ver
protéger;5;ver
propre;5;adj
profondeur;5;nom
probable;5;adj
prisonnier;5;adj
pourvoir;5;ver
poltron;5;nom
plongée;5;nom
plonger;5;ver
pleuvoir;5;ver
pleurer;5;ver
plat;5;nom
piège;5;nom
pipe;5;nom
passion;5;nom
particulièrement;5;adv
paring;5;nr
palier;5;nom
ordre;5;nom
occasion;5;nom
nicolas;5;nr
mystérieux;5;adj
mystère;5;nom
musique;5;nom
mugissement;5;nom
mouvement;5;nom
mont;5;nom
mio;5;nr
meurtrier;5;nom
menacer;5;ver
maros;5;nr
marché;5;nom
manière;5;nom
maléfice;5;nom
magistrat;5;nom
léger;5;adj
logis;5;nom
ligne;5;nom
larme;5;nom
joli;5;adj
joindre;5;ver
issue;5;nom
isolé;5;adj
inviter;5;ver
invention;5;nom
intervention;5;nom
interminable;5;adj
importance;5;nom
illusion;5;nom
ignorer;5;ver
humide;5;adj
horloge;5;nom
hongrois;5;nom
guérir;5;ver
guider;5;ver
guide;5;nom
grille;5;nom
geste;5;nom
féodal;5;adj
frayer;5;ver
foyer;5;nom
florence;5;nom
fleur;5;nom
façade;5;nom
faute;5;nom
extérieur;5;adj
extraordinaire;5;adj
explorer;5;ver
escabeau;5;nom
entier;5;adj
ensevelir;5;ver
enivrer;5;ver
enfant;5;nom
employé;5;nom
empire;5;nom
dévorer;5;ver
détail;5;nom
désirer;5;ver
démarche;5;nom
directement;5;adv
demeure;5;nom
date;5;nom
danger;5;nom
céder;5;ver
cuore;5;nr
creuser;5;ver
court;5;adj
cour;5;nom
costume;5;nom
convaincre;5;ver
contraire;5;nom
confondre;5;ver
confiance;5;nom
coiffer;5;ver
clef;5;nom
clair;5;adj
circulaire;5;adj
chevet;5;nom
charmant;5;adj
certitude;5;nom
casemate;5;nom
camper;5;ver
calme;5;nom
brusque;5;adj
bonheur;5;nom
bloc;5;nom
baromètre;5;nom
avis;5;nom
aventurer;5;ver
au_dessous;5;adv
attribuer;5;ver
arrivée;5;nom
appuyer;5;ver
apparence;5;nom
aider;5;ver
aide;5;nom
acte;5;nom
abri;5;nom
abaisser;5;ver
évoquer;4;ver
éviter;4;ver
élevé;4;adj
écrire;4;ver
éclairer;4;ver
éclaircir;4;ver
âgé;4;adj
zone;4;nom
vraisemblable;4;adj
voisinage;4;nom
voglio;4;nr
vivement;4;adv
vision;4;nom
visible;4;adj
viser;4;ver
vigoureux;4;adj
vide;4;adj
veste;4;nom
venise;4;nom
veille;4;nom
tube;4;nom
trouble;4;nom
triste;4;adj
traversée;4;nom
transylvain;4;adj
trait;4;nom
tournée;4;nom
tournure;4;nom
tournant;4;nom
titre;4;nom
tige;4;nom
terrible;4;adj
terrain;4;nom
taxe;4;nom
talent;4;nom
suspect;4;nom
surveiller;4;ver
surplus;4;nom
supposer;4;ver
suite;4;nom
sud_ouest;4;nom
source;4;nom
soulever;4;ver
somme;4;nom
singulier;4;adj
silhouette;4;nom
signe;4;nom
serré;4;adj
schnaps;4;nom
rôle;4;nom
réveiller;4;ver
résultat;4;nom
région;4;nom
réfugier;4;ver
rouvrir;4;ver
rouler;4;ver
ronger;4;ver
respiration;4;nom
repas;4;nom
remontant;4;nom
relation;4;nom
refermer;4;ver
reclus;4;adj
rebord;4;nom
rattacher;4;ver
ras;4;adj
raisonner;4;ver
raccorder;4;ver
quinzaine;4;nom
qualité;4;nom
pénétrant;4;adj
pâle;4;adj
préoccuper;4;ver
propriétaire;4;nom
proposition;4;nom
promener;4;ver
promenade;4;nom
prolonger;4;ver
profondément;4;adv
prodige;4;nom
presser;4;ver
portion;4;nom
populaire;4;adj
plante;4;nom
plaisanter;4;ver
plaindre;4;ver
physique;4;adj
personnel;4;adj
percer;4;ver
parer;4;ver
pain;4;nom
ouest;4;nom
orienter;4;ver
orage;4;nom
opposé;4;nom
nuovo;4;nr
noyer;4;ver
note;4;nom
nord;4;nom
nombreux;4;adj
naître;4;ver
mériter;4;ver
ménager;4;nom
mélodie;4;nom
multiple;4;adj
mousse;4;nom
morire;4;nr
monstre;4;nom
modifier;4;ver
meuble;4;nom
merveilleux;4;adj
mener;4;ver
menaçant;4;adj
matinée;4;nom
manifester;4;ver
maladie;4;nom
malade;4;adj
magnifique;4;adj
machine;4;nom
longer;4;ver
liqueur;4;nom
lentement;4;adv
largement;4;adv
juger;4;ver
jouet;4;nom
jouer;4;ver
jeunesse;4;nom
jeu;4;nom
inventeur;4;nom
introduire;4;ver
interrompre;4;ver
interroger;4;ver
intense;4;adj
insurmontable;4;adj
instruction;4;nom
instinct;4;nom
installer;4;ver
inquiétant;4;adj
infortuné;4;adj
inerte;4;adj
indépendance;4;nom
inconnu;4;nom
incompréhensible;4;adj
incomparable;4;adj
incapable;4;adj
important;4;adj
héros;4;nom
hérisser;4;ver
honorer;4;ver
heureusement;4;adv
haletant;4;adj
griffe;4;nom
garçon;4;nom
fête;4;nom
france;4;nr
franc;4;nom
forteresse;4;nom
fonctionner;4;ver
flanc;4;nom
fier;4;adj
fantôme;4;nom
fantaisie;4;nom
examiner;4;ver
ex;4;nr
espoir;4;nom
espace;4;nom
environnant;4;adj
envie;4;nom
entretenir;4;ver
enseigner;4;ver
effrayer;4;ver
effrayant;4;adj
détourner;4;ver
désespoir;4;nom
désaltérer;4;ver
dérober;4;ver
dépenser;4;ver
défaut;4;nom
décidément;4;adv
déchirer;4;ver
dressoir;4;nom
dramatique;4;adj
dragon;4;nom
douzaine;4;nom
douteux;4;adj
dos;4;nom
domaine;4;nom
distinguer;4;ver
demeurer;4;ver
degré;4;nom
célébrer;4;ver
crénelé;4;adj
créneau;4;nom
crédule;4;adj
croyance;4;nom
courage;4;nom
couleur;4;nom
corridor;4;nom
corde;4;nom
contourner;4;ver
conséquence;4;nom
constater;4;ver
considérable;4;adj
conscience;4;nom
consacrer;4;ver
conclure;4;ver
concentrer;4;ver
compléter;4;ver
coin;4;nom
clos;4;adj
cligner;4;ver
clientèle;4;nom
chute;4;nom
choisir;4;ver
chef;4;nom
chaume;4;nom
chaud;4;adj
charger;4;ver
chapeau;4;nom
cause;4;nom
caractère;4;nom
capitale;4;nom
capable;4;adj
campo;4;nom
bâtir;4;ver
bâtiment;4;nom
buveur;4;nom
brèche;4;nom
broussaille;4;nom
braquer;4;ver
bourse;4;nom
bourg;4;nom
bizarre;4;adj
berge;4;nom
battre;4;ver
barbe;4;nom
balle;4;nom
baigner;4;ver
bahut;4;nom
avenir;4;nom
assise;4;nom
ascension;4;nom
arrondir;4;ver
arme;4;nom
appliquer;4;ver
angélica;4;nr
andiamo;4;nr
aile;4;nom
affoler;4;ver
adresse;4;nom
admirateur;4;nom
accueillir;4;ver
accroître;4;ver
accomplir;4;ver
absolu;4;adj
étonnement;3;nom
érable;3;nom
ému;3;adj
émerger;3;ver
élève;3;nom
élisée;3;nr
électrique;3;adj
élargir;3;ver
écarter;3;ver
xixe;3;nr
vêtement;3;nom
volonté;3;nom
voler;3;ver
violent;3;adj
viande;3;nom
verdâtre;3;adj
vampire;3;nom
vaincre;3;ver
vague;3;nom
uniquement;3;adv
tôt;3;adv
ténèbres;3;nom
type;3;nom
tumultueux;3;adj
tuer;3;ver
tronc;3;nom
troisième;3;adj
trembler;3;ver
travailler;3;ver
transporter;3;ver
toucher;3;ver
torpeur;3;nom
toit;3;nom
tinter;3;ver
thermomètre;3;nom
terminer;3;ver
terme;3;nom
tendresse;3;nom
tapis;3;nom
talon;3;nom
tailler;3;ver
sérieux;3;adj
système;3;nom
surprise;3;nom
surexcitation;3;nom
supporter;3;ver
sujet;3;nom
suffisamment;3;adv
succès;3;nom
successivement;3;adv
sublime;3;adj
subir;3;ver
stéfano;3;nr
stryge;3;nom
sourire;3;ver
sourdre;3;ver
soupçonner;3;ver
soupçon;3;nom
soupir;3;nom
souper;3;nom
souhaiter;3;ver
souffrir;3;ver
sorcellerie;3;nom
solidement;3;adv
solide;3;adj
sirène;3;nom
sillonner;3;ver
signaler;3;ver
serpent;3;nom
sentier;3;nom
semer;3;ver
semelle;3;nom
semaine;3;nom
seigneur;3;nom
secousse;3;nom
secours;3;nom
second;3;adj
sec;3;adj
sayon;3;nom
saxon;3;adj
sauvage;3;adj
satisfaction;3;nom
santé;3;nom
saluer;3;ver
saint;3;nom
saillie;3;nom
rêve;3;nom
réunir;3;ver
résister;3;ver
résigner;3;ver
répercuter;3;ver
régulier;3;adj
réclamer;3;ver
rougir;3;ver
rougeâtre;3;adj
rouge;3;adj
rosée;3;nom
romance;3;nom
rire;3;ver
revers;3;nom
retirer;3;ver
retentir;3;ver
retarder;3;ver
repousser;3;ver
reporter;3;ver
renverser;3;ver
religion;3;nom
relier;3;ver
regretter;3;ver
regret;3;nom
reculer;3;ver
recherche;3;nom
ravin;3;nom
raser;3;ver
rarement;3;adv
rapport;3;nom
ramure;3;nom
quoiqu;3;nr
pénible;3;adj
péage;3;nom
pâture;3;nom
pureté;3;nom
précision;3;nom
préalablement;3;adv
prouver;3;ver
propager;3;ver
pronostic;3;nom
projeter;3;ver
proie;3;nom
profiter;3;ver
profil;3;nom
prochain;3;adj
privé;3;adj
prison;3;nom
preuve;3;nom
pressant;3;adj
praticable;3;adj
poète;3;nom
poursuivre;3;ver
pot;3;nom
positif;3;adj
portée;3;nom
pope;3;nom
politique;3;nom
poitrine;3;nom
poil;3;nom
poche;3;nom
pluie;3;nom
plomb;3;nom
plaque;3;nom
pistolet;3;nom
pic;3;nom
physionomie;3;nom
persister;3;ver
perfection;3;nom
percée;3;nom
paître;3;ver
particulier;3;adj
parapet;3;nom
paralyser;3;ver
ours;3;nom
orme;3;nom
original;3;nom
orifice;3;nom
opérer;3;ver
oppression;3;nom
oeuvre;3;nom
obéir;3;ver
obstiner;3;ver
nommer;3;ver
nocturne;3;adj
noble;3;adj
nez;3;nom
nervure;3;nom
métier;3;nom
métallique;3;adj
méridional;3;adj
mémoire;3;nom
mécanique;3;adj
mètre;3;nom
mâchoire;3;nom
myriade;3;nom
muscle;3;nom
mouchoir;3;nom
morne;3;adj
morceau;3;nom
merveille;3;nom
membre;3;nom
matériel;3;nom
marche;3;nom
mansarde;3;nom
maniaque;3;nom
maigre;3;adj
mai;3;nom
mademoiselle;3;nom
machinerie;3;nom
machinalement;3;adv
là_haut;3;adv
là_dessus;3;adv
loisir;3;nom
loger;3;ver
limite;3;nom
leçon;3;nom
lettre;3;nom
latéral;3;adj
labyrinthe;3;nom
kilomètre;3;nom
juin;3;nom
jouir;3;ver
joint;3;nom
jaunâtre;3;adj
jaillir;3;ver
isolement;3;nom
ironique;3;adj
intervenir;3;ver
intervalle;3;nom
interdire;3;ver
inquiétude;3;nom
inoubliable;3;adj
innamorata;3;nr
inférieur;3;adj
infini;3;adj
inexprimable;3;adj
indispensable;3;adj
imprudent;3;adj
impressionner;3;ver
impraticable;3;adj
imposer;3;ver
hâte;3;nom
hypothèse;3;nom
horrible;3;adj
hongroise;3;nom
hongrie;3;nr
hocher;3;ver
hisser;3;ver
haleine;3;nom
haine;3;nom
hagard;3;adj
habituer;3;ver
habituel;3;adj
habitation;3;nom
habitable;3;adj
habile;3;adj
gêner;3;ver
gré;3;nom
grisonnant;3;adj
grimper;3;ver
grimacer;3;ver
gracieux;3;adj
goût;3;nom
glace;3;nom
girouette;3;nom
gigantesque;3;adj
gars;3;nom
garantir;3;ver
gaine;3;nom
fée;3;nom
fâcheux;3;adj
fragment;3;nom
foutre;3;ver
fouiller;3;ver
formel;3;adj
forain;3;adj
foire;3;nom
flanquer;3;ver
filtrer;3;ver
fils;3;nom
filet;3;nom
faux;3;adj
fauve;3;nom
fatigant;3;adj
fanal;3;nom
faim;3;nom
facilement;3;adv
exploration;3;nom
exiger;3;ver
exemple;3;nom
excursion;3;nom
exciter;3;ver
excentrique;3;adj
escouade;3;nom
erreur;3;nom
errer;3;ver
enveloppé;3;adj
envelopper;3;ver
entièrement;3;adv
enterrer;3;ver
enfoncer;3;ver
enchaîner;3;ver
emprisonner;3;ver
empresser;3;ver
effleurer;3;ver
effacer;3;ver
dévouement;3;nom
désir;3;nom
dépit;3;nom
dénouer;3;ver
dénivellation;3;nom
délivrer;3;ver
délaisser;3;ver
délabrer;3;ver
décrire;3;ver
déclin;3;nom
déclarer;3;ver
débris;3;nom
déborder;3;ver
doux;3;adj
doubler;3;ver
double;3;adj
dizaine;3;nom
district;3;nom
disparition;3;nom
dirigeant;3;nom
descendant;3;nom
dent;3;nom
demi_mille;3;nom
dace;3;adj
côtoyer;3;ver
célèbre;3;adj
cylindre;3;nom
cuvette;3;nom
créer;3;ver
crédulité;3;nom
crâne;3;nom
croix;3;nom
crevasse;3;nom
couple;3;nom
couler;3;ver
coude;3;nom
contraindre;3;ver
constitution;3;nom
conserver;3;ver
conquérir;3;ver
conduite;3;nom
condamner;3;ver
composer;3;ver
commettre;3;ver
clore;3;ver
clocher;3;nom
cimetière;3;nom
chêne;3;nom
chasser;3;ver
cave;3;nom
capricieusement;3;adv
campanile;3;nom
calculer;3;ver
cadavre;3;nom
brun;3;adj
broder;3;ver
briller;3;ver
bretelle;3;nom
bref;3;adv
branler;3;ver
bouquet;3;nom
bouger;3;ver
bord;3;nom
bonsoir;3;nom
bonjour;3;nom
boisson;3;nom
blessure;3;nom
bistritz;3;nr
bec;3;nom
beauté;3;nom
battement;3;nom
bassin;3;nom
bande;3;nom
avidement;3;adv
avertissement;3;nom
avance;3;nom
auditoire;3;nom
au_devant;3;adv
attitude;3;nom
attaquer;3;ver
assombrir;3;ver
assister;3;ver
assistance;3;nom
aptitude;3;nom
appui;3;nom
anéantissement;3;nom
angoisse;3;nom
ancêtre;3;nom
allure;3;nom
allemagne;3;nom
aliment;3;nom
ajuster;3;ver
aisément;3;adv
aimable;3;adj
aiguille;3;nom
agréable;3;adj
affaiblir;3;ver
acquérir;3;ver
accrocher;3;ver
accent;3;nom
absurde;3;adj
absence;3;nom
abattre;3;ver
éveiller;2;ver
évanouir;2;ver
étroitement;2;adv
étoffe;2;nom
étendue;2;nom
étape;2;nom
étalage;2;nom
étable;2;nom
épouvantable;2;adj
épidémique;2;adj
épargner;2;ver
élément;2;nom
électricité;2;nom
église;2;nom
égard;2;nom
égal;2;adj
éducation;2;nom
écran;2;nom
éclater;2;ver
échevelé;2;adj
éboulement;2;nom
zénith;2;nom
werstiens;2;nr
voûté;2;adj
voïvode;2;nr
voyager;2;ver
vouer;2;ver
volute;2;nom
visionner;2;ver
visiblement;2;adv
vigne;2;nom
vieil;2;adj
vider;2;ver
vibration;2;nom
vert;2;adj
verser;2;ver
versant;2;nom
vermoulu;2;adj
verdoyant;2;adj
ventre;2;nom
vayda;2;nr
vasque;2;nom
vase;2;nom
vantail;2;nom
valachie;2;nr
vainement;2;adv
utile;2;adj
urgent;2;adj
uniformité;2;nom
tâter;2;ver
trouer;2;ver
trou;2;nom
triomphe;2;nom
tremante;2;nr
transylvains;2;nr
transformer;2;ver
tranquillement;2;adv
traiter;2;ver
tragique;2;adj
traditionnel;2;adj
torotzko;2;nr
tonnerre;2;nom
tonne;2;nom
tombant;2;adj
thorda;2;nr
tendu;2;adj
tenace;2;adj
tempérament;2;nom
tapisser;2;ver
talonner;2;ver
tablier;2;nom
sûreté;2;nom
sérieusement;2;adv
série;2;nom
séjour;2;nom
sécurité;2;nom
séculaire;2;adj
szeklers;2;nr
suspendre;2;ver
survivre;2;ver
surprenant;2;adj
surmonter;2;ver
surhumain;2;adj
surgir;2;ver
supposable;2;adj
supplier;2;ver
suggérer;2;ver
suffisant;2;adj
sud_est;2;nom
striges;2;nr
staffii;2;nr
splendeur;2;nom
spectral;2;adj
sourcil;2;nom
soucieux;2;adj
sorcier;2;nom
soporifique;2;adj
soixantaine;2;nom
soirée;2;nom
soigner;2;ver
situer;2;ver
sillon;2;nom
silencieux;2;adj
signifier;2;ver
significatif;2;adj
signer;2;ver
siffler;2;ver
sicile;2;nr
serrure;2;nom
serrer;2;ver
serra;2;nom
serment;2;nom
sel;2;nom
secrètement;2;adv
saulaie;2;nom
sang_froid;2;nom
sandor;2;nr
salutaire;2;adj
rôdeur;2;nom
révéler;2;ver
réussir;2;ver
résulter;2;ver
réserver;2;ver
réplique;2;nom
répertoire;2;nom
réparer;2;ver
réfractaire;2;adj
réaliser;2;ver
rustique;2;adj
russie;2;nr
russe;2;adj
ruisseau;2;nom
roumanie;2;nr
rouille;2;nom
rosza;2;nr
roman;2;nom
roi;2;nom
roc;2;nom
rivière;2;nom
rival;2;nom
ridicule;2;adj
rez_de_chaussée;2;nom
revêtir;2;ver
revirement;2;nom
retrancher;2;ver
retraite;2;nom
retomber;2;ver
retard;2;nom
retable;2;nom
ressusciter;2;ver
ressort;2;nom
respect;2;nom
repère;2;nom
reproduire;2;ver
reprocher;2;ver
repasser;2;ver
renvoyer;2;ver
remontrer;2;ver
rembourser;2;ver
relief;2;nom
relatif;2;adj
rejeter;2;ver
rein;2;nom
redevenir;2;ver
reconnaissant;2;adj
recommencer;2;ver
recommander;2;ver
rechercher;2;ver
rebrousser;2;ver
raviner;2;ver
rassurant;2;adj
rassembler;2;ver
rapidement;2;adv
ranger;2;ver
ramification;2;nom
ramasser;2;ver
rallumer;2;ver
raisonnable;2;adj
railler;2;ver
raidillon;2;nom
raide;2;adj
rage;2;nom
rafale;2;nom
rabattre;2;ver
quart;2;nom
périr;2;ver
péripétie;2;nom
pâturage;2;nom
pâtis;2;nom
pâlir;2;ver
purement;2;adv
prêtre;2;nom
prêteur;2;nom
prétention;2;nom
précéder;2;ver
précisément;2;adv
précieux;2;adj
prudent;2;adj
provision;2;nom
provenir;2;ver
proprement;2;adv
proposer;2;ver
proportion;2;nom
projection;2;nom
profiler;2;ver
profession;2;nom
produit;2;nom
prodigieux;2;adj
procédé;2;nom
probablement;2;adv
pratique;2;adj
poussière;2;nom
poursuite;2;nom
poumon;2;nom
pouce;2;nom
poster;2;ver
poste;2;nom
possession;2;nom
position;2;nom
porc;2;nom
pointu;2;adj
plume;2;nom
pli;2;nom
pleur;2;nom
plaintif;2;adj
plain;2;nom
plafond;2;nom
piéton;2;adj
pitié;2;nom
pin;2;nom
pierreux;2;adj
physicien;2;nom
phonographique;2;adj
phonographe;2;nom
peuplier;2;nom
peupler;2;ver
petrilla;2;nr
pesant;2;adj
perte;2;nom
persistant;2;adj
perfectionner;2;ver
percevoir;2;ver
peintre;2;nom
peau;2;nom
patrie;2;nom
patraques;2;nr
patraque;2;adj
passionné;2;adj
partager;2;ver
paroxysme;2;nom
parfum;2;nom
parfaitement;2;adv
parfait;2;adj
orographique;2;nr
orientation;2;nom
ordonner;2;ver
ordinaire;2;adj
orbite;2;nom
opéra;2;nom
onduler;2;ver
oiseau;2;nom
obstruer;2;ver
obstinément;2;adv
observateur;2;nom
obliquement;2;adv
objection;2;nom
nécessité;2;nom
nuire;2;ver
nourriture;2;nom
noter;2;ver
nord_ouest;2;nom
nel;2;nr
nef;2;nom
nappe;2;nom
naissance;2;nom
méthode;2;nom
métal;2;nom
mélomane;2;adj
médiocrement;2;adv
médiocre;2;adj
médical;2;adj
médecine;2;nom
méandre;2;nom
mouvoir;2;ver
moustache;2;nom
moulin;2;nom
motif;2;nom
montagnard;2;nom
miracle;2;nom
minuit;2;nom
minier;2;adj
militaire;2;adj
merveilleusement;2;adv
mer;2;nom
mental;2;adj
maïs;2;nom
maîtriser;2;ver
marquer;2;ver
marin;2;nom
margelle;2;nom
marchand;2;nom
marbre;2;nom
manche;2;nom
malin;2;adj
malheureux;2;adj
malaisé;2;adj
maintenir;2;ver
magyar;2;nom
lâcher;2;ver
lyrique;2;adj
lucarne;2;nom
loup;2;nom
lonyai;2;nr
littérature;2;nom
lire;2;ver
linéament;2;nom
limiter;2;ver
lien;2;nom
ledit;2;adj
langage;2;nom
lamies;2;nr
lamentable;2;adj
lait;2;nom
laine;2;nom
klausenburg;2;nr
justifier;2;ver
jupe;2;nom
jet;2;nom
jean;2;nom
jarret;2;nom
jardin;2;nom
invraisemblable;2;adj
intime;2;adj
interprétation;2;nom
intelligence;2;nom
intact;2;adj
inséparable;2;adj
insuffisant;2;adj
instruit;2;adj
insomnie;2;nom
inscrire;2;ver
injonction;2;nom
inhumer;2;ver
infranchissable;2;adj
infléchir;2;ver
infernal;2;adj
ineffable;2;adj
indécis;2;adj
industriel;2;adj
industrie;2;nom
indice;2;nom
incrédule;2;adj
incroyable;2;adj
inconvénient;2;nom
inconscient;2;adj
incliner;2;ver
incident;2;nom
incertain;2;adj
incendie;2;nom
inabordable;2;adj
imprudemment;2;adv
importuner;2;ver
importun;2;adj
impitoyablement;2;adv
impatience;2;nom
immémorial;2;adj
imiter;2;ver
illustre;2;adj
ignorant;2;adj
hôtelier;2;nom
hôtel;2;nom
hunyad;2;nr
humeur;2;nom
hommage;2;nom
hiver;2;nom
hermanstadt;2;nr
haïr;2;ver
hausser;2;ver
hatszeg;2;nr
hasard;2;nom
harceler;2;ver
hachette;2;nom
hache;2;nom
gésir;2;ver
géographie;2;nom
généralement;2;adv
général;2;adj
gémissement;2;nom
guérite;2;nom
guerre;2;nom
grouper;2;ver
grossir;2;ver
grillé;2;adj
grenier;2;nom
grec;2;nom
gravir;2;ver
graver;2;ver
gravement;2;adv
grandir;2;ver
graine;2;nom
graduellement;2;adv
goûter;2;ver
gourde;2;nom
gonflé;2;adj
gond;2;nom
glorieusement;2;adv
giardino;2;nr
gesticuler;2;ver
genou;2;nom
galerne;2;nom
futaie;2;nom
funérailles;2;nom
fumant;2;adj
fréquenter;2;ver
frémir;2;ver
fruit;2;nom
front;2;nom
frayeur;2;nom
frantz;2;nr
franchement;2;adv
fracas;2;nom
formidable;2;adj
fonder;2;ver
folie;2;nom
fléchir;2;ver
flotter;2;ver
flottant;2;adj
fissure;2;nom
fisc;2;nom
fiori;2;nr
finalement;2;adv
filer;2;ver
figurer;2;ver
fiancer;2;ver
feuille;2;nom
feuillage;2;nom
ferré;2;adj
faîte;2;nom
favoriser;2;ver
fatiguer;2;ver
farouche;2;adj
fanfaronnade;2;nom
fanatique;2;nom
faille;2;nom
faculté;2;nom
fable;2;nom
exécution;2;nom
exténuer;2;ver
extravagant;2;adj
expérience;2;nom
expédition;2;nom
exposer;2;ver
exploitation;2;nom
exception;2;nom
excellent;2;adj
excavation;2;nom
etes;2;nr
etc;2;adv
estimer;2;ver
essuyer;2;ver
espèce;2;nom
errant;2;adj
envoler;2;ver
entêté;2;nom
entrouvrir;2;ver
entretenu;2;adj
entremêler;2;ver
entrecouper;2;ver
enthousiasme;2;nom
entasser;2;ver
entamer;2;ver
ennui;2;nom
enfourchure;2;nom
enfer;2;nom
enfance;2;nom
endormir;2;ver
enchanté;2;adj
encadrer;2;ver
emprunter;2;ver
empressement;2;nom
emportement;2;nom
emploi;2;nom
emparer;2;ver
emmener;2;ver
embrasser;2;ver
embarrassé;2;adj
efforcer;2;ver
dîner;2;nom
dévaler;2;ver
déterminer;2;ver
détermination;2;nom
désormais;2;adv
désordre;2;nom
désordonner;2;ver
désespéré;2;adj
dépression;2;nom
déplacer;2;ver
délire;2;nom
délabré;2;adj
déjeuner;2;nom
découverte;2;nom
découper;2;ver
décliner;2;ver
déchirant;2;adj
déboucher;2;ver
débiter;2;ver
débattre;2;ver
durée;2;nom
drogue;2;nom
draper;2;ver
douanier;2;nom
doter;2;ver
divin;2;adj
distribuer;2;ver
distant;2;adj
disputer;2;ver
disperser;2;ver
disjoint;2;adj
discussion;2;nom
dilettanti;2;nr
devise;2;nom
desservir;2;ver
demi_douzaine;2;nom
demeuré;2;nom
dangereux;2;adj
culotte;2;nom
cuisine;2;nom
cruel;2;adj
cratère;2;nom
couvrir;2;ver
coutume;2;nom
courtepointe;2;nom
courbé;2;adj
courber;2;ver
couramment;2;adv
couper;2;ver
coulisse;2;nom
couleuvrine;2;nom
cou;2;nom
cordon;2;nom
convenablement;2;adv
convenable;2;adj
contour;2;nom
constante;2;nom
consommateur;2;nom
considérer;2;ver
conservation;2;nom
concours;2;nom
concert;2;nom
compromettre;2;ver
compliment;2;nom
complice;2;nom
communiquer;2;ver
communicatif;2;adj
commander;2;ver
collet;2;nom
coffre;2;nom
clouer;2;ver
clou;2;nom
classe;2;nom
civière;2;nom
civilisation;2;nom
cité;2;nom
cirque;2;nom
circuler;2;ver
cinquantaine;2;nom
chrétien;2;nom
chimie;2;nom
cheval;2;nom
chef_d_oeuvre;2;nom
chasse;2;nom
chardon;2;nom
chaos;2;nom
chanteur;2;nom
chance;2;nom
cesse;2;nom
cerveau;2;nom
cerf;2;nom
centrale;2;nom
cellule;2;nom
ceinturon;2;nom
casser;2;ver
carte;2;nom
carrière;2;nom
capricieux;2;adj
cage;2;nom
bâton;2;nom
bâtisse;2;nom
but;2;nom
brûler;2;ver
brute;2;nom
brutal;2;adj
brisure;2;nom
brindille;2;nom
bravo;2;nom
braver;2;ver
branlant;2;adj
bouquin;2;nom
bouffant;2;adj
boucher;2;nom
bond;2;nom
boisé;2;adj
boeuf;2;nom
blé;2;nom
bleu;2;adj
blafard;2;adj
bihar;2;nr
bercer;2;ver
barrer;2;ver
bandoulière;2;nom
avouerons;2;nr
avouer;2;ver
aviser;2;ver
aveugle;2;adj
aventureux;2;adj
avantage;2;nom
avalanche;2;nom
autriche;2;nr
auteur;2;nom
autel;2;nom
audace;2;nom
attentivement;2;adv
attardé;2;nom
atmosphère;2;nom
assaut;2;nom
aspirer;2;ver
ascendant;2;adj
arête;2;nom
artifice;2;nom
arriéré;2;nom
arrière_plan;2;nom
armer;2;ver
armature;2;nom
aride;2;adj
argument;2;nom
ardent;2;adj
ardemment;2;adv
arconati;2;nr
architecte;2;nom
apparent;2;adj
anéantir;2;ver
anxiété;2;nom
antérieur;2;adj
animal;2;adj
ampoule;2;nom
amoureux;2;adj
amoncellement;2;nom
amas;2;nom
altérer;2;ver
altitude;2;nom
alpestre;2;adj
agité;2;adj
affecter;2;ver
adorer;2;ver
admissible;2;adj
admirer;2;ver
adhérer;2;ver
actuellement;2;adv
acquitter;2;ver
acheteur;2;nom
accourir;2;ver
accoter;2;ver
accord;2;nom
accentuer;2;ver
accablant;2;adj
aboutir;2;ver
abandon;2;nom
évocation;1;nom
évocateur;1;adj
éveil;1;nom
évasé;1;adj
évasion;1;nom
évangile;1;nom
étudier;1;ver
étude;1;nom
étreinte;1;nom
étrangler;1;ver
étourdissant;1;adj
étouffant;1;adj
étique;1;adj
étincelant;1;adj
éternel;1;adj
étendard;1;nom
éteint;1;adj
étayer;1;ver
étau;1;nom
étalagiste;1;nom
étager;1;ver
équilibre;1;nom
équerre;1;nom
épée;1;nom
épuiser;1;ver
éprouvé;1;adj
époux;1;nom
épouvanter;1;ver
épouvantement;1;nom
épouser;1;ver
époumoné;1;nr
éploré;1;adj
épine;1;nom
épinaies;1;nr
épidémie;1;nom
épicerie;1;nom
épi;1;nom
éparpiller;1;ver
épaissir;1;ver
énumération;1;nom
énigmatique;1;adj
énerver;1;ver
énergique;1;adj
énergie;1;nom
émouvoir;1;ver
émigrer;1;ver
émettre;1;ver
émerveiller;1;ver
élégamment;1;adv
éloignement;1;nom
élire;1;ver
électriquement;1;adv
électricien;1;nom
élan;1;nom
égratignées;1;nr
égratignure;1;nom
égoïste;1;adj
égaré;1;adj
également;1;adv
édifier;1;ver
écussonner;1;ver
écriture;1;nom
écoulé;1;adj
écorcher;1;ver
écorce;1;nom
éconduire;1;ver
écolier;1;nom
éclatant;1;adj
éclaircie;1;nom
éclair;1;nom
échouer;1;ver
échoir;1;ver
échelonnement;1;nr
échelon;1;nom
échauguette;1;nom
écharpe;1;nom
écharde;1;nom
écart;1;nom
ébranlement;1;nom
ébouriffé;1;adj
éboulis;1;nom
ébaucher;1;ver
ère;1;nom
âtre;1;nom
âpreté;1;nom
àune;1;nr
à_propos;1;nom
zébré;1;adj
zèbre;1;nom
zmei;1;nr
zigzag;1;nom
zapoly;1;nr
xvie;1;nr
xve;1;nr
xiiie;1;nr
xiie;1;nr
xe;1;nr
wertz;1;nr
werstienne;1;nr
vêtir;1;ver
vétusté;1;nom
véritablement;1;adv
vérifier;1;ver
véranda;1;nom
végétation;1;nom
végétal;1;adj
vraisemblablement;1;adv
voïvodes;1;nr
voltiger;1;ver
voleur;1;nom
voilé;1;adj
voiler;1;ver
vogue;1;nom
vivacité;1;nom
vivace;1;adj
vitré;1;adj
visser;1;ver
visière;1;nom
visiteur;1;nom
virolet;1;nom
violon;1;nom
violence;1;nom
violemment;1;adv
vin;1;nom
vil;1;adj
vigueur;1;nom
vigoureusement;1;adv
vierge;1;adj
vieillir;1;ver
vieillesse;1;nom
vicient;1;nr
vibrer;1;ver
vibrant;1;adj
veuf;1;adj
verès;1;nr
vertical;1;adj
version;1;nom
verrouiller;1;ver
verger;1;nom
ventru;1;adj
vente;1;nom
venimeux;1;adj
vengeance;1;nom
vendredi;1;nom
venaison;1;nom
veiller;1;ver
varié;1;adj
varier;1;ver
variable;1;adj
vareuse;1;nom
vaquer;1;ver
vanne;1;nom
vanité;1;nom
valkyrie;1;nom
valise;1;nom
valeur;1;nom
vaisseau;1;nom
vainqueur;1;nom
vaillant;1;adj
uyvar;1;nr
utilité;1;nom
utiliser;1;ver
utilisation;1;nom
usurier;1;nom
usure;1;nom
usuel;1;adj
ustensile;1;nom
univers;1;nom
unité;1;nom
unisson;1;nom
ultérieurement;1;adv
têtard;1;nom
tétanique;1;adj
ténébreux;1;adj
ténacité;1;nom
témérité;1;nom
téméraire;1;adj
témoin;1;nom
témoigner;1;ver
téléphote;1;nr
téléphone;1;nom
télescope;1;nom
tâtonner;1;ver
tâtonnement;1;nom
tâcher;1;ver
tutélaire;1;adj
turin;1;nr
tumulte;1;nom
trépidation;1;nom
truc;1;nom
troupe;1;nom
troublé;1;adj
trotter;1;ver
trop_plein;1;nom
trinité;1;nom
tricot;1;nom
tremper;1;ver
trembloter;1;ver
trapu;1;adj
trappe;1;nom
transsudation;1;nr
transe;1;nom
transaction;1;nom
tranquillité;1;nom
tranquille;1;adj
trancher;1;ver
trajan;1;nr
traitement;1;nom
train;1;nom
trafiquant;1;nom
trafiks;1;nr
tradition;1;nom
tourmenter;1;ver
tourbillonner;1;ver
touffent;1;nr
totalement;1;adv
total;1;adj
tortillère;1;nr
tortiller;1;ver
tort;1;nom
torse;1;nom
tors;1;adj
torpide;1;adj
tordre;1;ver
tordant;1;adj
topanfalva;1;nr
tonte;1;nom
tonnoires;1;nr
tonner;1;ver
tombe;1;nom
toiture;1;nom
toise;1;nom
tocsin;1;nom
tiède;1;adj
tityre;1;nr
tireur;1;nom
tiers;1;nom
tic;1;nom
théâtral;1;adj
thésée;1;nr
theiss;1;nr
thalweg;1;nom
tertre;1;nom
terroriser;1;ver
territoire;1;nom
terrifier;1;ver
terrifiant;1;adj
terrasser;1;ver
tenue;1;nom
tenture;1;nom
tentant;1;adj
tension;1;nom
tempête;1;nom
température;1;nom
teint;1;nom
tb;1;nr
taupe;1;nom
tartare;1;nom
tardivement;1;adv
tarasque;1;nr
tapisserie;1;nom
tapir;1;ver
tanner;1;ver
tangible;1;adj
taillis;1;nom
tablette;1;nom
tabac;1;nom
sérac;1;nom
séquestrer;1;ver
sénile;1;adj
sémite;1;nom
séduisant;1;adj
sève;1;nom
szamos;1;nr
sympathique;1;adj
sympathie;1;nom
sylphe;1;nom
susurrement;1;nom
susceptible;1;adj
sursauter;1;ver
surbaissé;1;adj
suprême;1;adj
supprimer;1;ver
suisse;1;adj
suicide;1;nom
suer;1;ver
successeur;1;nom
substruction;1;nom
substance;1;nom
suavité;1;nom
stéréoscopiques;1;nr
stérile;1;adj
style;1;nom
stupéfier;1;ver
stupéfait;1;adj
stupéfaction;1;nom
stupeur;1;nom
strygies;1;nr
strette;1;nr
strate;1;nom
stance;1;nom
spécial;1;adj
spectre;1;nom
sparterie;1;nom
spacieux;1;adj
sourd;1;adj
sourcilleux;1;adj
souplesse;1;nom
souple;1;adj
soupirer;1;ver
soupirant;1;nom
soumettre;1;ver
soulier;1;nom
soulager;1;ver
souiller;1;ver
souffler;1;ver
souder;1;ver
soudainement;1;adv
souche;1;nom
sou;1;nom
sottise;1;nom
sot;1;adj
sortilège;1;nom
sortie;1;nom
sort;1;nom
sordide;1;adj
sonore;1;adj
sonnailler;1;ver
songeur;1;adj
somnifère;1;nom
sommeiller;1;ver
sommaire;1;adj
solitaire;1;adj
solaire;1;adj
soigneusement;1;adv
soif;1;nom
soie;1;nom
sodium;1;nom
socque;1;nom
société;1;nom
social;1;adj
slave;1;adj
sitôt;1;adv
sinuosité;1;nom
sinueux;1;adj
singulièrement;1;adv
simultanément;1;adv
silvalaque;1;nr
signal;1;nom
sifflement;1;nom
serviable;1;adj
sentence;1;nom
sensiblement;1;adv
sensible;1;adj
sein;1;nom
seille;1;nom
sculpture;1;nom
scintiller;1;ver
scierie;1;nom
scientifique;1;nom
sceptique;1;adj
sceller;1;ver
scandale;1;nom
scala;1;nr
scabieuses;1;nr
saxifrage;1;nom
sauver;1;ver
sautiller;1;ver
sautereaux;1;nr
saurer;1;ver
saturne;1;nr
saturer;1;ver
sarment;1;nom
sarabande;1;nom
sanglier;1;nom
sanglant;1;adj
samedi;1;nom
saluat;1;nr
salpêtrée;1;nr
saint_pierre;1;nom
sagement;1;adv
sage;1;adj
sagacité;1;nom
saga;1;nom
sacrilège;1;nom
sacrifier;1;ver
sacrifice;1;nom
sac;1;nom
sabre;1;nom
sablier;1;nom
sable;1;nom
rôman;1;nr
rôder;1;ver
rêveur;1;nom
révélation;1;nom
révolution;1;nom
révolte;1;nom
révoltant;1;adj
rétrécir;1;ver
rétracter;1;ver
rétorquer;1;ver
rétablir;1;ver
résonance;1;nom
résider;1;ver
répulsif;1;adj
répliquat;1;nr
rémunération;1;nom
rémunérait;1;nr
réintégrer;1;ver
régulièrement;1;adv
régularité;1;nom
régner;1;ver
régler;1;ver
réfugié;1;nom
réflecteur;1;nom
réellement;1;adv
récrimination;1;nom
récrier;1;ver
récolte;1;nom
réclamation;1;nom
récipient;1;nom
récent;1;adj
réapparaître;1;ver
réalisation;1;nom
rèche;1;nr
ruse;1;nom
ruisselet;1;nom
rugissement;1;nom
rudolphe;1;nr
rubicond;1;adj
ruban;1;nom
royal;1;adj
rouiller;1;ver
roseau;1;nom
ronce;1;nom
romanesque;1;adj
rodük;1;nr
rodomontade;1;nom
rocheux;1;adj
rocher;1;nom
robuste;1;adj
river;1;ver
rite;1;nom
risée;1;nom
risque;1;nom
riposter;1;ver
rios;1;nr
richesse;1;nom
rhume;1;nom
rhumatisme;1;nom
revêtement;1;nom
revivre;1;ver
revanche;1;nom
restreindre;1;ver
ressource;1;nom
ressemblant;1;adj
ressaut;1;nom
ressaisir;1;ver
respectueux;1;adj
représenter;1;ver
représentationdu;1;nr
représentant;1;nom
représaille;1;nom
reprise;1;nom
repli;1;nom
repartirions;1;nr
repartir;1;ver
repaire;1;nom
renversement;1;nom
renseignement;1;nom
renom;1;nom
renflement;1;nom
renfermé;1;adj
rendement;1;nom
renard;1;nom
remuer;1;ver
rempart;1;nom
remise;1;nom
remercier;1;ver
religieux;1;adj
relevé;1;adj
relent;1;nom
relayer;1;ver
relativement;1;adv
relater;1;ver
relancer;1;ver
rejeton;1;nom
regrettablement;1;adv
regrettable;1;adj
reflet;1;nom
redouter;1;ver
redoutable;1;adj
redoubler;1;ver
redire;1;ver
redevable;1;adj
rectiligne;1;adj
rectangulaire;1;adj
recouvrer;1;ver
recourir;1;ver
reconnaissance;1;nom
recommandation;1;nom
recoin;1;nom
recherché;1;adj
rebuter;1;ver
rayonner;1;ver
rayonnant;1;adj
rayer;1;ver
ravir;1;ver
rateraient;1;nr
rater;1;ver
rasoir;1;nom
rasade;1;nom
raréfier;1;ver
rappel;1;nom
rapiécer;1;ver
rapacité;1;nom
ranimer;1;ver
ramifié;1;adj
ramifier;1;ver
rajuster;1;ver
raisonné;1;adj
raisonnement;1;nom
rainure;1;nom
railways;1;nr
raillerie;1;nom
raie;1;nom
raidir;1;ver
raideur;1;nom
raccordement;1;nom
raccommoderez;1;nr
rabuze;1;nr
rabougri;1;adj
raboteux;1;adj
rabaisser;1;ver
quotidien;1;adj
queue;1;nom
querir;1;nr
qualifier;1;ver
qualification;1;nom
pêle_mêle;1;adv
pétarade;1;nom
pérégrination;1;nom
péré;1;nr
pérorer;1;ver
périphérie;1;nom
période;1;nom
périlleux;1;adj
pénétration;1;nom
pénombre;1;nom
péninsule;1;nom
péniblement;1;adv
pécuaire;1;nr
pâtours;1;nr
pâtisser;1;ver
pâleur;1;nom
pupille;1;nom
punir;1;ver
puissance;1;nom
puiser;1;ver
psychagogiques;1;nr
prévoir;1;ver
prévenant;1;adj
prétendu;1;adj
présager;1;ver
préférer;1;ver
préférablement;1;adv
précédent;1;adj
précis;1;adj
précipité;1;adj
précipitamment;1;adv
précepteur;1;nom
précaution;1;nom
préau;1;nom
prunelle;1;nom
prune;1;nom
prudence;1;nom
prudemment;1;adv
proéminent;1;adj
proximité;1;nom
proverbe;1;nom
prouesse;1;nom
prouacrerie;1;nr
prospérité;1;nom
promptement;1;adv
promis;1;adj
prolixe;1;adj
profusion;1;nom
professionnel;1;adj
productif;1;adj
procéder;1;ver
prière;1;nom
privilégié;1;adj
privilège;1;nom
priver;1;ver
printemps;1;nom
principe;1;nom
prince;1;nom
primer;1;ver
pressentiment;1;nom
prescription;1;nom
praxitèle;1;nr
pratiquer;1;ver
poésie;1;nom
poutrelle;1;nom
poussiéreux;1;adj
pourriture;1;nom
pourri;1;adj
poulette;1;nom
poule;1;nom
pouilleux;1;adj
poudrière;1;nom
poudre;1;nom
potence;1;nom
postérieur;1;adj
porteur;1;nom
porteballes;1;nr
porte_voix;1;nom
portant;1;adj
portail;1;nom
port;1;nom
porsenna;1;nr
porcelaine;1;nom
pont;1;nom
pomme;1;nom
poltronnerie;1;nom
polonais;1;nom
politesse;1;nom
poliment;1;adv
pois;1;nom
poindre;1;ver
poilu;1;adj
poignée;1;nom
poignet;1;nom
poignant;1;adj
poids;1;nom
plénitude;1;nom
pluvial;1;adj
plutonique;1;adj
plausible;1;adj
platane;1;nom
planète;1;nom
planter;1;ver
plantation;1;nom
plant;1;nom
plancher;1;nom
planche;1;nom
plaisir;1;nom
plaisanterie;1;nom
plaisant;1;adj
piétin;1;nom
piécette;1;nom
pièce;1;nom
pittoresquement;1;nr
piteusement;1;adv
pisé;1;nom
piquer;1;ver
pile;1;nom
pilastre;1;nom
pierreries;1;nom
photogénique;1;adj
photographique;1;adj
philtre;1;nom
pharmacie;1;nom
phare;1;nom
pestilentiel;1;adj
peser;1;ver
perspicacité;1;nom
perspective;1;nom
personnellement;1;adv
personellement;1;nr
pers;1;adj
perpétuer;1;ver
permanence;1;nom
perfectionnement;1;nom
perdant;1;nom
perception;1;nom
perceptible;1;adj
pendentive;1;nr
pendentif;1;nom
peinturlurer;1;ver
peinture;1;nom
pecus_;1;nr
pe;1;nr
païen;1;nom
pavaner;1;ver
paupière;1;nom
patriotiquement;1;adv
patriote;1;nom
patrimonial;1;adj
patiner;1;ver
patience;1;nom
patent;1;adj
pastoral;1;adj
passionner;1;ver
passe_temps;1;nom
passe_montagne;1;nom
passablement;1;adv
parlementer;1;ver
parent;1;nom
parement;1;nom
pardessus;1;nom
paravent;1;nom
paralysie;1;nom
parallèlement;1;adv
parajd;1;nr
parachever;1;ver
papier;1;nom
panneau;1;nom
panier;1;nom
panache;1;nom
pan;1;nom
palpitant;1;adj
palais;1;nom
paire;1;nom
paillis;1;nom
paille;1;nom
pactole;1;nom
pacotille;1;nom
ovation;1;nom
ovale;1;adj
ouïe;1;nom
ouvrier;1;nom
outillage;1;nom
ourler;1;ver
oubliette;1;nom
oubli;1;nom
ottoman;1;adj
ottenbanya;1;nr
ostensiblement;1;adv
os;1;nom
ortie;1;nom
orpailleur;1;nom
ornière;1;nom
orner;1;ver
organiser;1;ver
orfraies;1;nr
ordonné;1;adj
ordinairement;1;adv
orchestre;1;nom
optique;1;adj
opposer;1;ver
ongle;1;nom
onde;1;nom
on_dit;1;nom
omettre;1;ver
ombrage;1;nom
oie;1;nom
ogival;1;adj
oeuf;1;nom
oeillère;1;nom
oculaire;1;adj
occasionner;1;ver
obséquieux;1;adj
obséder;1;ver
obsédant;1;adj
obstination;1;nom
obsession;1;nom
obliquer;1;ver
obligeassent;1;nr
objurgation;1;nom
objectif;1;nom
nécessiter;1;ver
nécessairement;1;adv
néant;1;nom
nyctalope;1;nom
nuovo_;1;nr
nuance;1;nom
nourrissant;1;adj
nourrir;1;ver
nouer;1;ver
notamment;1;adv
norvège;1;nr
nominativement;1;nr
noirâtre;1;adj
noirci;1;adj
nodosité;1;nom
noblesse;1;nom
neuvième;1;adj
nettoyer;1;ver
netteté;1;nom
nettement;1;adv
net;1;adj
nerveux;1;adj
negoï;1;nr
naturellement;1;adv
natte;1;nom
nationalité;1;nom
napolitain;1;adj
mûrir;1;ver
météore;1;nom
mélibée;1;nr
mélangé;1;adj
méfiant;1;adj
médius;1;nom
méconnu;1;adj
mère;1;nom
mythologie;1;nom
mystification;1;nom
myope;1;adj
musée;1;nom
musset;1;nr
murmure;1;nom
munir;1;ver
multiplier;1;ver
muguet;1;nom
mugissant;1;adj
moyenne;1;nom
mourant;1;adj
mouiller;1;ver
mou;1;adj
moscovite;1;adj
morale;1;nom
moraine;1;nom
moqueur;1;adj
monotone;1;adj
monastère;1;nom
momentanément;1;adv
mollir;1;ver
moldavie;1;nr
moldave;1;nom
moisissure;1;nom
moignon;1;nom
moeurs;1;nom
modéré;1;nom
modérer;1;ver
moduler;1;ver
modulation;1;nom
modeste;1;adj
moderne;1;adj
modeler;1;ver
mode;1;nom
mixte;1;adj
misère;1;nom
mission;1;nom
miroir;1;nom
minutieusement;1;adv
minos;1;nr
minerai;1;nom
millier;1;nom
militairement;1;adv
milan;1;nom
mignasses;1;nr
michel;1;nr
miche;1;nom
miasme;1;nom
mi_voix;1;nom
mi_route;1;nom
meublé;1;adj
meubler;1;ver
metteur;1;nom
mesurer;1;ver
mercure;1;nom
menu;1;nom
mentionner;1;ver
menhir;1;nom
meneau;1;nom
maîtresse;1;nom
maugréer;1;ver
maudire;1;ver
matériellement;1;adv
matière;1;nom
mathias;1;nr
matelassé;1;adj
masser;1;ver
marécage;1;nom
marque;1;nom
marine;1;adj
marier;1;ver
mare;1;nom
marchandise;1;nom
marchander;1;ver
marais;1;nom
maorte;1;nr
manteau;1;nom
manoli;1;nr
manoir;1;nom
manoeuvre;1;nom
manigancer;1;ver
manifestation;1;nom
manier;1;ver
manchotte;1;nr
mamaliga;1;nom
malibran;1;nr
malheureusement;1;adv
malencontreusement;1;adv
majeur;1;adj
maitre;1;nr
maire;1;nom
maillées;1;nr
magyariser;1;nr
magnificence;1;nom
magasin;1;nom
maestro;1;nom
machurée;1;nr
machiner;1;ver
machination;1;nom
léthargique;1;adj
léser;1;ver
léopold;1;nr
légèrement;1;adv
légume;1;nom
légion;1;nom
légendaire;1;adj
lycidas;1;nr
luxuriant;1;adj
lutter;1;ver
lutte;1;nom
lunaire;1;adj
lugubre;1;adj
lucratif;1;adj
lucidité;1;nom
loup_garou;1;nom
louer;1;ver
louable;1;adj
lot;1;nom
lorgnette;1;nom
loquet;1;nom
loquace;1;adj
longueur;1;nom
longuement;1;adv
logique;1;adj
logement;1;nom
locution;1;nom
localité;1;nom
local;1;adj
livre;1;nom
lividité;1;nom
literie;1;nom
liste;1;nom
lisse;1;adj
liquide;1;nom
limpide;1;adj
limité;1;adj
limitrophe;1;adj
lignée;1;nom
lignon;1;nr
lieue;1;nom
lier;1;ver
librement;1;adv
liberté;1;nom
liaison;1;nom
leste;1;adj
lent;1;adj
lemnos;1;nr
lecteur;1;nom
leany;1;nr
lazaret;1;nom
latin;1;nom
larmier;1;nr
largeur;1;nom
lapidaire;1;adj
lampe;1;nom
lambrissé;1;adj
ladislas;1;nr
lacustre;1;adj
laconisme;1;nom
lac;1;nom
laboratoire;1;nom
kö;1;nr
kreutzer;1;nom
krakens;1;nr
koukouroutz;1;nr
korrigan;1;nom
kolpak;1;nr
justice;1;nom
jusque_là;1;adv
jusqu_au_dessous;1;nr
judée;1;nr
jucher;1;ver
joyeux;1;adj
journellement;1;adv
joug;1;nom
jonchet;1;nom
joliment;1;adv
jaune;1;adj
jalousie;1;nom
jactance;1;nom
israélite;1;nom
isolant;1;adj
irréparable;1;adj
irrégulièrement;1;adv
irrégularité;1;nom
irritant;1;adj
irraisonné;1;adj
irradiation;1;nom
ipse_;1;nr
inégal;1;adj
inébranlable;1;adj
invraisemblance;1;nom
involontairement;1;adv
invinciblement;1;adv
investigation;1;nom
invariablement;1;adv
intéresser;1;ver
intrus;1;nom
intriguer;1;ver
intraitable;1;adj
interview;1;nom
interrogatoire;1;nom
interpréter;1;ver
interpeller;1;ver
interne;1;adj
intermédiaire;1;nom
intermittent;1;adj
interjectifs;1;nr
interdit;1;adj
interdiction;1;nom
intercepter;1;ver
intentionné;1;adj
intensif;1;adj
intempérie;1;nom
intelligemment;1;adv
intabulations;1;nr
instruire;1;ver
instituteur;1;nom
instinctif;1;adj
instance;1;nom
installation;1;nom
inspiration;1;nom
insoutenable;1;adj
insondable;1;adj
insensé;1;adj
insatiable;1;adj
insalubre;1;adj
inquiet;1;adj
inopportun;1;adj
inoffensif;1;adj
inhabile;1;adj
ingénier;1;ver
infécond;1;adj
infrastructure;1;nom
infléchissait;1;nr
influencer;1;ver
influa;1;nr
infliger;1;ver
inflexion;1;nom
inflexible;1;adj
inextricable;1;adj
inefficace;1;adj
indéniable;1;adj
indubitable;1;adj
indomptable;1;adj
individu;1;nom
indiscret;1;adj
indigène;1;adj
indigne;1;adj
indifférent;1;adj
indifférence;1;nom
indication;1;nom
index;1;nom
indescriptible;1;adj
incrédulité;1;nom
incruster;1;ver
incontestablement;1;adv
inconsolable;1;adj
incompris;1;adj
incliné;1;adj
incessant;1;adj
incarné;1;adj
inattendu;1;adj
inadmissible;1;adj
inaccessible;1;adj
impétueux;1;adj
impérieux;1;adj
impérieusement;1;adv
impénétrable;1;adj
impunément;1;adv
imprévu;1;adj
imprégner;1;ver
imprudence;1;nom
impressionnable;1;adj
impression;1;nom
impraticabilité;1;nom
imposant;1;adj
importunité;1;nr
implacable;1;adj
imperturbable;1;adj
imperceptible;1;adj
impedimentum;1;nr
impatient;1;adj
impasse;1;nom
immédiatement;1;adv
immédiat;1;adj
immortel;1;adj
immobilité;1;nom
immobiliser;1;ver
imminent;1;adj
immense;1;adj
immanum;1;nr
imbécile;1;nom
imbiber;1;ver
imaginable;1;adj
image;1;nom
illuminer;1;ver
ier;1;nr
idéal;1;adj
idolâtrie;1;nom
identique;1;adj
identifier;1;ver
hétéroclite;1;adj
hésitation;1;nom
hésitant;1;adj
héritier;1;nom
hérissé;1;adj
hémiplégie;1;nom
hébêtement;1;nr
hébété;1;adj
hypothéquées;1;nr
hypothèque;1;nom
hypogée;1;nom
hydrogène;1;nom
hurlement;1;nom
humidité;1;nom
hulotte;1;nom
huitaine;1;nom
housse;1;nom
houppelande;1;nom
houiller;1;adj
houille;1;nom
horripilation;1;nom
horreur;1;nom
horizontal;1;adj
honorable;1;adj
honnête;1;adj
honnir;1;ver
hoffmanesque;1;nr
historier;1;ver
hippogriffes;1;nr
hippocrate;1;nr
hermétiquement;1;adv
herbage;1;nom
helvétique;1;adj
hectare;1;nom
havresac;1;nom
haussement;1;nom
hasardât;1;nr
hasardeux;1;adj
hargneux;1;adj
hangar;1;nom
hallucination;1;nom
habituellement;1;adv
habitat;1;nom
habit;1;nom
habileté;1;nom
habilement;1;adv
gîte;1;nom
gérando;1;nr
géométral;1;nr
géologique;1;adj
généreux;1;adj
généreusement;1;adv
génération;1;nom
génial;1;adj
génerations;1;nr
gémir;1;ver
gâter;1;ver
gâteau;1;nom
gâcher;1;ver
guêtre;1;nom
guise;1;nom
gueule;1;nom
gueulard;1;nom
grès;1;nom
grotte;1;nom
grossier;1;adj
gronder;1;ver
grondement;1;nom
grivelé;1;nr
grisâtre;1;adj
grinçant;1;adj
grimpant;1;adj
grimaçant;1;adj
grillager;1;ver
griffon;1;nom
grelotter;1;ver
gregorio;1;nr
gratis;1;adv
grappe;1;nom
granit;1;nom
grange;1;nom
grandement;1;adv
grain;1;nom
grabat;1;nom
gouvernement;1;nom
goutte;1;nom
gothique;1;adj
gosier;1;nom
gorgée;1;nom
gobelin;1;nom
gobelet;1;nom
gnome;1;nom
glissement;1;nom
glas;1;nom
glacial;1;adj
glabre;1;adj
gisement;1;nom
gibbeux;1;adj
geôle;1;nom
gerbe;1;nom
genre;1;nom
gemme;1;nom
geler;1;ver
gaster;1;nom
garnison;1;nom
garnir;1;ver
garni;1;adj
garde_malade;1;nom
garde;1;nom
garantie;1;nom
galène;1;nom
galopade;1;nom
galonné;1;adj
galien;1;nr
fût;1;nom
fêler;1;ver
féroce;1;adj
fâcher;1;ver
fusionner;1;ver
furtivement;1;adv
funèbre;1;adj
fulminées;1;nr
fulminant;1;adj
fulguration;1;nom
frôler;1;ver
frêle;1;adj
fréquemment;1;adv
frénétique;1;adj
fruitier;1;adj
fructueusement;1;nr
frotter;1;ver
froncer;1;ver
froidement;1;adv
frissonner;1;ver
fraîcheur;1;nom
fraîchement;1;adv
frappé;1;adj
fracasser;1;ver
fourvoyer;1;ver
fourrer;1;ver
fournée;1;nom
fournir;1;ver
fourneau;1;nom
fournaise;1;nom
fourmiller;1;ver
fourche;1;nom
fouler;1;ver
fougue;1;nom
foudre;1;nom
fortifier;1;ver
fortement;1;adv
formulé;1;adj
formuler;1;ver
formule;1;nom
formellement;1;adv
forfanterie;1;nom
fonds;1;nom
fondation;1;nom
fonction;1;nom
foncer;1;ver
follet;1;adj
foin;1;nom
flottement;1;nom
florica;1;nr
flatteur;1;adj
flatter;1;ver
flamboyant;1;adj
flambaison;1;nr
flair;1;nom
fiévreux;1;adj
fièvre;1;nom
fièrement;1;adv
fixité;1;nom
fixe;1;adj
fiole;1;nom
filtre;1;nom
fillette;1;nom
filial;1;adj
figuré;1;adj
fierté;1;nom
fidèle;1;adj
fiction;1;nom
fiançailles;1;nom
feutre;1;nom
feston;1;nom
fertilité;1;nom
fertile;1;adj
fermoir;1;nom
fer_blanc;1;nom
fenice;1;nr
fenestrage;1;nr
fendre;1;ver
feindre;1;ver
faîtage;1;nom
favori;1;adj
faufiler;1;ver
faucille;1;nom
fatal;1;adj
fasciner;1;ver
farceur;1;nom
fantasmagoriques;1;nr
familièrement;1;adv
familier;1;adj
falère;1;nr
falot;1;nom
faisceau;1;nom
faillir;1;ver
faiblir;1;ver
faible;1;adj
faction;1;nom
factice;1;adj
faconde;1;nom
fabriquer;1;ver
fabrication;1;nom
exécuter;1;ver
extérieurement;1;adv
extrêmement;1;adv
extraordinairement;1;adv
extatique;1;adj
extase;1;nom
exsangue;1;adj
exquis;1;adj
exprès;1;adj
expressément;1;adv
expression;1;nom
expressif;1;adj
exposassent;1;nr
exposant;1;nom
exportent;1;nr
explorerait;1;nr
exploiter;1;ver
exploitable;1;adj
explicitement;1;adv
expansions;1;nr
exigeant;1;adj
exhaler;1;ver
exercice;1;nom
exercer;1;ver
excédent;1;nom
excuser;1;ver
exclamation;1;nom
exceptionnellement;1;adv
exagération;1;nom
exactement;1;adv
etait;1;nr
estomper;1;ver
estomac;1;nom
essouffler;1;ver
essentiel;1;nom
essence;1;nom
essarter;1;nr
esquiver;1;ver
espagne;1;nr
espacé;1;adj
escarpe;1;nr
escalade;1;nom
erdely;1;nr
envolée;1;nom
environner;1;ver
envahissement;1;nom
envahir;1;ver
entêterait;1;nr
entêter;1;ver
entêtement;1;nom
entrouvert;1;adj
entreprendre;1;ver
entre_temps;1;adv
entre_regarder;1;ver
entraînement;1;nom
entrave;1;nom
entonnoir;1;nom
enthousiaste;1;adj
enthousiasmer;1;ver
entassement;1;nom
enseignement;1;nom
ensanglanter;1;ver
ensabotés;1;nr
enrubanné;1;adj
enrouler;1;ver
enrichir;1;ver
enrhumé;1;adj
enraciné;1;adj
enquête;1;nom
enquérir;1;ver
ennuyer;1;ver
enluminé;1;adj
enlevante;1;nr
enjambée;1;nom
engourdir;1;ver
engourdi;1;adj
engloutir;1;ver
engin;1;nom
engainé;1;nr
engagement;1;nom
engageant;1;adj
enflé;1;adj
enflammé;1;adj
enflammer;1;ver
encourir;1;ver
encourager;1;ver
encoignure;1;nom
enclin;1;adj
enchâsser;1;ver
enchevêtré;1;adj
enchevêtrer;1;ver
enchaînement;1;nom
enchanteur;1;adj
encaussement;1;nr
encastrer;1;ver
encaisser;1;ver
emprunteur;1;nom
empreinte;1;nom
employer;1;ver
empiraient;1;nr
empierrement;1;nom
empanachait;1;nr
emmancha;1;nr
embûche;1;nom
embroussailler;1;ver
embraser;1;ver
emboîter;1;ver
embarrasser;1;ver
embarras;1;nom
elisée;1;nr
elfe;1;nom
egelt;1;nr
effriter;1;ver
effondrer;1;ver
effondrement;1;nom
effervescence;1;nom
effectuer;1;ver
edison;1;nr
ecosse;1;nr
eau_de_vie;1;nom
dôme;1;nom
dévoué;1;adj
dévouer;1;ver
dévoiler;1;ver
dévier;1;ver
déviation;1;nom
développement;1;nom
détrousseur;1;nom
détromper;1;ver
détritus;1;nom
détonation;1;nom
détailler;1;ver
désordonné;1;adj
désoler;1;ver
désolation;1;nom
désobéissance;1;nom
désireux;1;adj
désigner;1;ver
désespérément;1;adv
désespérer;1;ver
désemplir;1;ver
désastreux;1;adj
désastre;1;nom
désarroi;1;nom
désagréable;1;adj
dérangement;1;nom
dépêtrer;1;ver
dépêcher;1;ver
dépérir;1;ver
dépouiller;1;ver
déplorable;1;adj
déplaisir;1;nom
déplaire;1;ver
déplacement;1;nom
dépité;1;adj
dénudé;1;adj
dénomination;1;nom
démon;1;nom
démolir;1;ver
démesuré;1;adj
déléguer;1;ver
délier;1;ver
délai;1;nom
délabrement;1;nom
déjouer;1;ver
déjeté;1;adj
dégénéré;1;nom
déguiser;1;ver
déguerpir;1;ver
défunt;1;nom
définitivement;1;adv
définitif;1;adj
défiance;1;nom
défensive;1;nom
défense;1;nom
défaite;1;nom
défaire;1;ver
défaillant;1;adj
déduire;1;ver
dédommager;1;ver
dédis;1;nr
dédaléens;1;nr
dédaignerait;1;nr
décéder;1;ver
décourager;1;ver
découpure;1;nom
décombre;1;nom
décoloré;1;adj
déclivité;1;nom
décisif;1;adj
déchirure;1;nom
déchaîner;1;ver
décharge;1;nom
déceler;1;ver
décamper;1;ver
débuter;1;ver
débit;1;nom
débarrasser;1;ver
dynamite;1;nom
dupe;1;nom
dru;1;adj
drame;1;nom
doïnes;1;nr
douve;1;nom
douloureusement;1;adv
douer;1;ver
douceur;1;nom
doucement;1;adv
dot;1;nom
dossier;1;nom
doré;1;adj
don;1;nom
dommageable;1;adj
domination;1;nom
dominant;1;adj
domicile;1;nom
domestique;1;nom
dolmen;1;nom
doigt;1;nom
dogmatique;1;adj
diversement;1;adv
diurne;1;adj
distraire;1;ver
distinction;1;nom
distiller;1;ver
distendre;1;ver
distancer;1;ver
disséminer;1;ver
dissuader;1;ver
dissimuler;1;ver
dispenser;1;ver
disloqué;1;adj
discuter;1;ver
discipline;1;nom
disciple;1;nom
direct;1;nom
diminuer;1;ver
dimension;1;nom
dimanche;1;nom
diligent;1;adj
dilaté;1;adj
différer;1;ver
diffuser;1;ver
diamètre;1;nom
diagnostic;1;nom
deva;1;nr
detunata;1;nr
destructible;1;adj
destinée;1;nom
destiner;1;ver
destination;1;nom
dessécher;1;ver
dessert;1;nom
descente;1;nom
demi_siècle;1;nom
demi_journée;1;nom
demi_clarté;1;nom
de_guingois;1;adv
daïna;1;nr
dauritia;1;nr
daphnis;1;nr
danube;1;nr
damier;1;nom
dallage;1;nom
cérémonie;1;nom
céréale;1;nom
curté;1;nr
cultivateur;1;nom
culte;1;nom
cuivre;1;nom
cuisse;1;nom
cuisiner;1;ver
cuire;1;ver
crûment;1;adv
crêpe;1;nom
crépuscule;1;nom
crépiter;1;ver
crécelle;1;nom
créature;1;nom
crète;1;nr
cruellement;1;adv
cruauté;1;nom
croître;1;ver
croissant;1;nom
croiser;1;ver
cristallin;1;adj
crisper;1;ver
crin;1;nom
creux;1;adj
craquement;1;nom
crapaudière;1;nr
couvercle;1;nom
couture;1;nom
coutre;1;nr
coutelas;1;nom
coussin;1;nom
courtiser;1;ver
course;1;nom
couronne;1;nom
courbe;1;nom
coudre;1;ver
coudoyer;1;ver
cotonnade;1;nom
cosse;1;nom
corsage;1;nom
corruscations;1;nr
correctement;1;adv
cornet;1;nom
coreligionnaire;1;nom
cordeau;1;nom
corbin;1;nom
coq;1;nom
copieusement;1;adv
cooper;1;nr
convulsé;1;adj
convulsion;1;nom
convulsif;1;adj
conviction;1;nom
converser;1;ver
convention;1;nom
contrôle;1;nom
contrefort;1;nom
contrebutait;1;nr
contrebas;1;adv
contraste;1;nom
contrarier;1;ver
contracter;1;ver
contorsionner;1;ver
continent;1;nom
contigu;1;adj
contester;1;ver
contestation;1;nom
contenu;1;nom
contenance;1;nom
contemporain;1;adj
contemplation;1;nom
contemplatif;1;nom
contagieux;1;adj
conséquent;1;adj
conséquemment;1;adv
consultation;1;nom
construire;1;ver
constituer;1;ver
consommer;1;ver
consommation;1;nom
consoler;1;ver
consister;1;ver
considération;1;nom
conseil;1;nom
conquête;1;nom
conjurer;1;ver
congénère;1;nom
congé;1;nom
conférer;1;ver
conférence;1;nom
confusément;1;adv
confus;1;adj
confrère;1;nom
confortable;1;adj
confort;1;nom
conformément;1;adv
conformer;1;ver
confluent;1;nom
confirmer;1;ver
confiner;1;ver
confier;1;ver
confidence;1;nom
condenser;1;ver
concevoir;1;ver
concentration;1;nom
comptoir;1;nom
compréhension;1;nom
compromettant;1;adj
comprimé;1;nom
composition;1;nom
compliqué;1;adj
complaisance;1;nom
compatriote;1;nom
compagnie;1;nom
compact;1;adj
commotion;1;nom
commode;1;adj
comminatoire;1;adj
commerce;1;nom
commentaire;1;nom
commencement;1;nom
combler;1;ver
colère;1;nom
coloration;1;nom
collier;1;nom
collaboration;1;nom
cliquète;1;nr
climat;1;nom
clavelée;1;nr
clarine;1;nom
clan;1;nom
clairsemé;1;adj
clairière;1;nom
civilisé;1;adj
civil;1;adj
citerne;1;nom
citer;1;ver
ciseau;1;nom
circulairement;1;adv
circonstancié;1;adj
circonscrire;1;ver
circonférence;1;nom
cinquième;1;adj
cigogne;1;nom
cieux;1;nom
cie;1;nr
chômer;1;ver
chétif;1;adj
chéneau;1;nom
châtiment;1;nom
châtain;1;adj
chuintement;1;nom
choix;1;nom
choir;1;ver
choc;1;nom
chlorure;1;nom
chingachgook;1;nr
chimère;1;nom
chiffre;1;nom
chiche;1;adj
chevelu;1;adj
chevaucher;1;ver
chevauchement;1;nom
chemisette;1;nom
chaussure;1;nom
chausser;1;ver
charrue;1;nom
charroi;1;nom
charmer;1;ver
charge;1;nom
charbonnage;1;nr
chapiteau;1;nom
chanteau;1;nom
chanceler;1;ver
chaise;1;nom
chair;1;nom
cercueil;1;nom
cercle;1;nom
cep;1;nom
centrer;1;ver
ceindre;1;ver
caverneux;1;adj
cavatines;1;nr
caution;1;nom
cauchemar;1;nom
catégoriquement;1;adv
catrinza;1;nr
cassine;1;nom
casquette;1;nom
casa_;1;nr
cartouchière;1;nom
carré;1;adj
carriole;1;nom
carrer;1;ver
carnation;1;nom
carnac;1;nr
carignan;1;nr
caressant;1;adj
cape;1;nom
cantices;1;nr
canon;1;nom
canif;1;nom
campagnard;1;nom
camelote;1;nom
caisson;1;nom
cailloutis;1;nom
caillou;1;nom
cadre;1;nom
cadavérique;1;adj
cabaret;1;nom
cabane;1;nom
bûcheron;1;nom
bêlement;1;nom
bêche;1;nom
bénéfice;1;nom
bénédiction;1;nom
bénir;1;ver
bélier;1;nom
bâtard;1;nom
buttait;1;nr
busqué;1;adj
buisson;1;nom
bucolique;1;adj
bucarest;1;nr
brûlant;1;adj
brébiage;1;nr
brumaille;1;nom
bruisser;1;ver
brownies;1;nr
brouiller;1;ver
brosse;1;nom
broncher;1;ver
brillant;1;adj
brigand;1;nom
bric_à_brac;1;nom
bretagne;1;nr
brelandinier;1;nr
branchage;1;nom
boyau;1;nom
boutonner;1;ver
boutique;1;nom
bourrasque;1;nom
bourdonnant;1;adj
bouleau;1;nom
boulanger;1;nom
bouillie;1;nom
bouffée;1;nom
boucle;1;nom
bouchée;1;nom
bouchon;1;nom
bossu;1;adj
borné;1;adj
borner;1;ver
border;1;ver
bonhomme;1;nom
bombé;1;adj
bombarde;1;nom
bobo;1;nom
bobine;1;nom
blond;1;nom
bleuir;1;ver
blesser;1;ver
blancheur;1;nom
bizarrerie;1;nom
bissexte;1;nr
biscuit;1;nom
biscornu;1;adj
birane;1;nr
billet;1;nom
bille;1;nom
bienfaisant;1;adj
bien_être;1;nom
beugler;1;ver
betyar;1;nr
bestiau;1;nom
bergerie;1;nom
belzébuth;1;nr
bel;1;adj
bedonnant;1;adj
baïonnette;1;nom
bavarder;1;ver
bavard;1;adj
batterie;1;nom
basilics;1;nr
baser;1;ver
basaltique;1;adj
barricader;1;ver
barbier;1;nom
barbiche;1;nom
barakas;1;nr
balkans;1;nr
balcon;1;nom
balayer;1;ver
balauris;1;nr
balauri;1;nr
balancer;1;ver
baie;1;nom
bagage;1;nom
bafouer;1;ver
babes;1;nr
babeaux;1;nr
azur;1;nom
aveuglant;1;adj
aveu;1;nom
avertir;1;ver
avertin;1;nr
aversion;1;nom
averse;1;nom
avare;1;adj
avantageux;1;adj
avant_veille;1;nom
avancé;1;adj
aval;1;nom
autoritairement;1;adv
autoriser;1;ver
auprès_de;1;nr
auditeur;1;nom
audacieux;1;adj
au_dedans;1;adv
attraper;1;ver
attrait;1;nom
attraction;1;nom
attouchement;1;nom
attirant;1;adj
attirail;1;nom
atterrer;1;ver
attentif;1;adj
attenant;1;adj
atteler;1;ver
attarder;1;ver
attaque;1;nom
attabler;1;ver
atmosphérique;1;adj
astrée;1;nr
astreindre;1;ver
assurance;1;nom
assujettir;1;ver
assourdissant;1;adj
assoupir;1;ver
assistant;1;nom
assiette;1;nom
assidu;1;adj
aspiration;1;nom
ases;1;nr
artistement;1;adv
artillerie;1;nom
artificiel;1;adj
articulé;1;adj
articulation;1;nom
article;1;nom
arroser;1;ver
arrangement;1;nom
arpenter;1;ver
armée;1;nom
armoire;1;nom
ariane;1;nr
argumentation;1;nom
argis;1;nr
ardeur;1;nom
arceau;1;nom
arcadien;1;adj
arc_bouterment;1;nr
après_deux;1;nr
après_demain;1;adv
appétit;1;nom
apprécier;1;ver
approvisionner;1;ver
application;1;nom
applaudissement;1;nom
applaudir;1;ver
appel;1;nom
apollo;1;nr
apogée;1;nom
aplomb;1;nom
aplatir;1;ver
apeuré;1;adj
apaisement;1;nom
anéroïde;1;nr
antiquaire;1;nom
antenais;1;nr
anomalie;1;nom
annuel;1;adj
annihiler;1;ver
annexer;1;ver
annexe;1;nom
anneau;1;nom
annaliste;1;nr
angleterre;1;nom
aménager;1;ver
amyntas;1;nr
amputer;1;ver
amortir;1;ver
amont;1;nom
amoindrir;1;ver
amicalement;1;adv
amical;1;adj
ambulant;1;adj
amateur;1;nom
altération;1;nom
alpe;1;nom
alourdir;1;ver
aloi;1;nom
allemand;1;adj
alimenter;1;ver
aligner;1;ver
alfieri;1;nr
alcool;1;nom
alarmer;1;ver
alarme;1;nom
ajouré;1;adj
aisé;1;adj
aisance;1;nom
ais;1;nom
aiguisé;1;adj
ahuri;1;nom
agrémenter;1;ver
agrément;1;nom
agréer;1;ver
agression;1;nom
agneau;1;nom
agile;1;adj
aggraver;1;ver
aggravation;1;nom
agenouiller;1;ver
affre;1;nom
affolé;1;adj
affleurer;1;ver
affirmation;1;nom
affirmatif;1;adj
affilé;1;adj
affectueux;1;adj
affectionner;1;ver
affection;1;nom
advenir;1;ver
adroitement;1;adv
adoucissement;1;nom
adopter;1;ver
adolescence;1;nom
admiration;1;nom
admirablement;1;adv
administré;1;nom
administrer;1;ver
administratif;1;adj
actuel;1;adj
activité;1;nom
acquéreur;1;nom
acquit;1;nom
acquisition;1;nom
acier;1;nom
achevalé;1;nr
achat;1;nom
acharneront;1;nr
acharner;1;ver
accélérer;1;ver
accéder;1;ver
accuser;1;ver
accueil;1;nom
accroupir;1;ver
accoutumé;1;adj
accoutrement;1;nom
accorder;1;ver
accompli;1;adj
accommoder;1;ver
accommodant;1;adj
accident;1;nom
acceptable;1;adj
accabler;1;ver
accablement;1;nom
abuser;1;ver
abside;1;nom
abrupt;1;adj
abritât;1;nr
abriter;1;ver
abreuver;1;ver
aboutît;1;nr
aborder;1;ver
abordable;1;adj
abondance;1;nom
abondamment;1;adv
abominable;1;adj
abaissement;1;nom
_serpi;1;nr
_l;1;nr
_immanior;1;nr
_campo;1;nr