oncle;416;nom
professeur;181;nom
aller;177;ver
voir;175;ver
hans;171;nr
heure;150;nom
grand;135;adj
prendre;131;ver
venir;125;ver
écrier;121;ver
eau;117;nom
pied;115;nom
mer;115;nom
répondre;113;ver
homme;101;nom
axel;93;nom
terre;92;nom
main;92;nom
tête;89;nom
trouver;86;ver
oeil;86;nom
passer;82;ver
mot;80;nom
arriver;80;ver
jour;79;nom
reprendre;75;ver
lidenbrock;74;nr
lieue;73;nom
entendre;73;ver
air;73;nom
radeau;72;nom
moment;72;nom
donner;71;ver
temps;70;nom
regarder;69;ver
globe;69;nom
seul;67;adj
premier;64;adj
laisser;64;ver
dernier;64;adj
petit;63;adj
mettre;63;ver
route;62;nom
revenir;62;ver
perdre;60;ver
surface;59;nom
islandais;58;adj
marcher;57;ver
fois;57;nom
demander;57;ver
comprendre;56;ver
apercevoir;55;ver
suivre;54;ver
sentir;54;ver
rester;54;ver
manquer;54;ver
arrêter;54;ver
parler;53;ver
descendre;53;ver
sneffels;51;nr
raison;50;nom
milieu;50;nom
long;50;adj
haut;50;adj
galerie;50;nom
doute;50;nom
voyage;48;nom
tenir;48;ver
islande;48;nr
chemin;48;nom
sol;47;nom
savant;47;nom
effet;47;nom
sembler;46;ver
paraître;46;ver
devenir;46;ver
parole;45;nom
laver;45;ver
instant;45;nom
immense;44;adj
saknussemm;43;nr
rivage;43;nom
cratère;43;nom
roc;42;nom
lumière;42;nom
graüben;42;nr
penser;41;ver
monde;41;nom
chaleur;41;nom
partir;40;ver
maison;40;nom
granit;40;nom
former;40;ver
flot;40;nom
attendre;40;ver
volcan;39;nom
terrestre;39;adj
paroi;39;nom
coup;39;nom
commencer;39;ver
travers;38;nom
produire;38;ver
nom;38;nom
force;38;nom
chasseur;38;nom
centre;38;nom
bientôt;38;adv
animal;38;adj
voix;37;nom
vivre;37;ver
vent;37;nom
regard;37;nom
profondeur;37;nom
phénomène;37;nom
feu;37;nom
sortir;36;ver
soir;36;nom
seulement;36;adv
rendre;36;ver
peine;36;nom
fond;36;nom
briser;36;ver
permettre;35;ver
garçon;35;nom
vapeur;34;nom
roche;34;nom
muraille;34;nom
chose;34;nom
terrain;33;nom
suivant;33;adj
question;33;nom
nuit;33;nom
monter;33;ver
montagne;33;nom
impossible;33;adj
guide;33;nom
degré;33;nom
époque;32;nom
véritable;32;adj
sorte;32;nom
pierre;32;nom
océan;32;nom
esprit;32;nom
couche;32;nom
bruit;32;nom
atteindre;32;ver
étendre;31;ver
reconnaître;31;ver
pareil;31;adj
idée;31;nom
connaître;31;ver
île;30;nom
vieux;30;adj
tromper;30;ver
quitter;30;ver
pousser;30;ver
partie;30;nom
ouvrir;30;ver
lieu;30;nom
document;30;nom
bras;30;nom
bord;30;nom
énorme;29;adj
siècle;29;nom
masse;29;nom
langue;29;nom
départ;29;nom
chercher;29;ver
atmosphère;29;nom
apparaître;29;ver
tomber;28;ver
science;28;nom
répéter;28;ver
précipiter;28;ver
pente;28;nom
nouveau;28;adj
nature;28;nom
lettre;28;nom
intérieur;28;adj
humain;28;nom
côte;28;nom
corps;28;nom
évidemment;27;adv
rayon;27;nom
présenter;27;ver
offrir;27;ver
mouvement;27;nom
ciel;27;nom
calme;27;nom
boussole;27;nom
silence;26;nom
rocher;26;nom
plein;26;adj
pic;26;nom
passage;26;nom
ombre;26;nom
manger;26;ver
disparaître;26;ver
courir;26;ver
compter;26;ver
compagnon;26;nom
beau;26;adj
état;25;nom
éruption;25;nom
matin;25;nom
marthe;25;nr
glisser;25;ver
demeurer;25;ver
bout;25;nom
écorce;24;nom
échapper;24;ver
vaste;24;adj
remonter;24;ver
relever;24;ver
profond;24;adj
place;24;nom
nord;24;nom
nombre;24;nom
massif;24;adj
lèvre;24;nom
ligne;24;nom
indiquer;24;ver
absolument;24;adv
température;23;nom
reykjawik;23;nr
remarquer;23;ver
rapidement;23;adv
porter;23;ver
parvenir;23;ver
large;23;adj
forme;23;nom
essayer;23;ver
emporter;23;ver
corde;23;nom
continuer;23;ver
conduire;23;ver
compte;23;nom
cheval;23;nom
appeler;23;ver
abandonner;23;ver
tour;22;nom
souterrain;22;adj
ruisseau;22;nom
remettre;22;ver
pays;22;nom
oreille;22;nom
observation;22;nom
jeter;22;ver
exister;22;ver
entraîner;22;ver
descente;22;nom
coucher;22;ver
voile;21;nom
vitesse;21;nom
théorie;21;nom
rencontrer;21;ver
prononcer;21;ver
porte;21;nom
minute;21;nom
lever;21;ver
hambourg;21;nr
gagner;21;ver
bas;21;adj
appartenir;21;ver
agir;21;ver
électrique;20;adj
toucher;20;ver
ressembler;20;ver
port;20;nom
poisson;20;nom
ordre;20;nom
murmurer;20;ver
imagination;20;nom
horizon;20;nom
garder;20;ver
fridriksson;20;nr
finir;20;ver
faim;20;nom
extrémité;20;nom
espèce;20;nom
enfant;20;nom
danois;20;adj
charger;20;ver
approcher;20;ver
ajouter;20;ver
écrire;19;ver
ville;19;nom
vague;19;nom
tourner;19;ver
souvenir;19;ver
source;19;nom
sommet;19;nom
soleil;19;nom
simple;19;adj
semblable;19;nom
retrouver;19;ver
ramener;19;ver
phrase;19;nom
oublier;19;ver
objet;19;nom
nuage;19;nom
morceau;19;nom
monstre;19;nom
livre;19;nom
liquide;19;nom
instrument;19;nom
fer;19;nom
découvrir;19;ver
droit;19;nom
disposition;19;nom
craindre;19;ver
chute;19;nom
vrai;18;adj
travail;18;nom
suffire;18;ver
situation;18;nom
retourner;18;ver
rapide;18;adj
pression;18;nom
pensée;18;nom
parfaitement;18;adv
naturel;18;adj
moyen;18;nom
fossile;18;nom
fermer;18;ver
expliquer;18;ver
existence;18;nom
entier;18;adj
endroit;18;nom
côté;18;nom
colère;18;nom
chambre;18;nom
bois;18;nom
arbre;18;nom
abîme;18;nom
évident;17;adj
éteindre;17;ver
torrent;17;nom
terminer;17;ver
tempête;17;nom
songer;17;ver
situer;17;ver
servir;17;ver
seconde;17;nom
rue;17;nom
prêt;17;adj
provision;17;nom
promener;17;ver
pauvre;17;adj
lire;17;ver
hauteur;17;nom
gros;17;adj
feuille;17;nom
facile;17;adj
courant;17;adj
coeur;17;nom
cheminée;17;nom
caverne;17;nom
caractère;17;nom
bagage;17;nom
arme;17;nom
épaule;16;nom
écouter;16;ver
voûte;16;nom
voyageur;16;nom
violent;16;adj
vie;16;nom
traversée;16;nom
traverser;16;ver
suite;16;nom
soulever;16;ver
réponse;16;nom
quart;16;nom
ossement;16;nom
oser;16;ver
obscurité;16;nom
lunette;16;nom
habitant;16;nom
genre;16;nom
fin;16;nom
extrême;16;adj
examiner;16;ver
entrailles;16;nom
enfoncer;16;ver
dormir;16;ver
disposer;16;ver
composer;16;ver
changer;16;ver
cap;16;nom
calcul;16;nom
août;16;nom
aimer;16;ver
action;16;nom
accroître;16;ver
étroit;15;adj
écraser;15;ver
verticale;15;nom
toise;15;nom
table;15;nom
sûr;15;adj
signe;15;nom
sentiment;15;nom
secret;15;nom
sec;15;adj
sauter;15;ver
saisir;15;ver
réveiller;15;ver
région;15;nom
retour;15;nom
pus;15;adj
près_de;15;adv
possible;15;adj
plante;15;nom
parcourir;15;ver
papier;15;nom
nouvelle;15;adj
montrer;15;ver
midi;15;nom
merveilleux;15;adj
mauvais;15;adj
latin;15;adj
fatiguer;15;ver
expédition;15;nom
estimer;15;ver
espace;15;nom
empêcher;15;ver
dépasser;15;ver
déjeuner;15;ver
découverte;15;nom
débris;15;nom
danger;15;nom
cône;15;nom
considérable;15;adj
colonne;15;nom
arrivée;15;nom
apprendre;15;ver
îlot;14;nom
vif;14;adj
tranquillement;14;adv
sud;14;nom
sommeil;14;nom
scientifique;14;nom
saillie;14;nom
rejeter;14;ver
rapidité;14;nom
pluie;14;nom
plonger;14;ver
particulier;14;adj
neveu;14;nom
matière;14;nom
manière;14;nom
limite;14;nom
intensité;14;nom
impatience;14;nom
hôte;14;nom
heureusement;14;adv
grotte;14;nom
dîner;14;nom
difficulté;14;nom
demi_heure;14;nom
contenir;14;ver
clef;14;nom
cabinet;14;nom
aspect;14;nom
affaire;14;nom
étrange;13;adj
élever;13;ver
écouler;13;ver
volcanique;13;adj
tranquille;13;adj
sud_est;13;nom
solide;13;adj
résoudre;13;ver
repos;13;nom
pénétrer;13;ver
précieux;13;adj
plaisir;13;nom
observer;13;ver
nécessaire;13;adj
neige;13;nom
mourir;13;ver
mois;13;nom
magnifique;13;adj
lumineux;13;adj
juin;13;nom
incliner;13;ver
incident;13;nom
immobile;13;adj
imaginer;13;ver
heureux;13;adj
géologue;13;nom
gouffre;13;nom
geste;13;nom
froid;13;adj
franchir;13;ver
flanc;13;nom
désert;13;adj
curieux;13;adj
cri;13;nom
conversation;13;nom
cher;13;adj
carte;13;nom
blanc;13;adj
au_dessous;13;adv
appareil;13;nom
étonner;12;ver
éruptif;12;adj
élève;12;nom
tunnel;12;nom
trace;12;nom
tirer;12;ver
thermomètre;12;nom
tendre;12;ver
série;12;nom
suspendre;12;ver
supérieur;12;adj
stupéfaction;12;nom
sombre;12;adj
soin;12;nom
singulièrement;12;adv
secouer;12;ver
sauver;12;ver
résister;12;ver
réflexion;12;nom
retenir;12;ver
repas;12;nom
recevoir;12;ver
quantité;12;nom
précéder;12;ver
part;12;nom
ouvrage;12;nom
mesurer;12;ver
merveille;12;nom
lampe;12;nom
journée;12;nom
joli;12;adj
jeune;12;adj
interroger;12;ver
insensé;12;adj
hypothèse;12;nom
gourde;12;nom
gigantesque;12;adj
fuir;12;ver
fou;12;adj
forcer;12;ver
fait;12;nom
exact;12;adj
espoir;12;nom
effrayant;12;adj
dérouler;12;ver
dur;12;adj
doigt;12;nom
distance;12;nom
direction;12;nom
dent;12;nom
croiser;12;ver
crier;12;ver
couvrir;12;ver
couloir;12;nom
contrée;12;nom
consulter;12;ver
chiffre;12;nom
cas;12;nom
bâton;12;nom
battre;12;ver
avouer;12;ver
asseoir;12;ver
arne;12;nr
antédiluvien;12;adj
agiter;12;ver
adresser;12;ver
admettre;12;ver
accompagner;12;ver
égal;11;adj
éclat;11;nom
ébranler;11;ver
vraiment;11;adv
vivant;11;adj
viande;11;nom
supposer;11;ver
succession;11;nom
stapi;11;nr
spectacle;11;nom
somme;11;nom
signifier;11;ver
scartaris;11;nr
salle;11;nom
rêve;11;nom
répliquer;11;ver
remuer;11;ver
rejoindre;11;ver
regagner;11;ver
recommencer;11;ver
rapprocher;11;ver
puits;11;nom
préparer;11;ver
primitif;11;adj
outil;11;nom
orage;11;nom
occuper;11;ver
nommer;11;ver
mât;11;nom
mine;11;nom
mesure;11;nom
lourd;11;adj
loi;11;nom
juillet;11;nom
jet;11;nom
jambe;11;nom
importer;11;ver
hasard;11;nom
géant;11;adj
guère;11;adv
granitique;11;adj
frapper;11;ver
flamme;11;nom
figure;11;nom
façon;11;nom
exemple;11;nom
espérer;11;ver
escalier;11;nom
entrer;11;ver
entièrement;11;adv
dévorer;11;ver
décider;11;ver
droite;11;nom
double;11;adj
difficile;11;adj
davy;11;nr
couler;11;ver
copenhague;11;nr
convaincre;11;ver
conserver;11;ver
conclure;11;ver
causer;11;ver
aussitôt;11;adv
allemand;11;adj
aiguille;11;nom
achever;11;ver
accomplir;11;ver
épuiser;10;ver
épais;10;adj
émotion;10;nom
éloigner;10;ver
élevé;10;adj
élancer;10;ver
végétation;10;nom
visage;10;nom
violence;10;nom
veille;10;nom
travailler;10;ver
torche;10;nom
terrible;10;adj
surprise;10;nom
surprendre;10;ver
subitement;10;adv
stupéfait;10;adj
souper;10;ver
service;10;nom
sensible;10;adj
régner;10;ver
rouge;10;adj
remplir;10;ver
remarquable;10;adj
période;10;nom
puissance;10;nom
présence;10;nom
promenade;10;nom
prolonger;10;ver
projet;10;nom
prix;10;nom
presser;10;ver
poudre;10;nom
plaine;10;nom
ouverture;10;nom
ouest;10;nom
navire;10;nom
mugissement;10;nom
modifier;10;ver
maître;10;nom
lancer;10;ver
joie;10;nom
hésiter;10;ver
honneur;10;nom
grave;10;adj
gauche;10;nom
fissure;10;nom
fatigue;10;nom
famille;10;nom
explosion;10;nom
erreur;10;nom
embarquer;10;ver
déterminer;10;ver
durer;10;ver
dresser;10;ver
doux;10;adj
douter;10;ver
diriger;10;ver
digne;10;adj
creuser;10;ver
couverture;10;nom
convenir;10;ver
commun;10;adj
circonstance;10;nom
chronomètre;10;nom
cheveu;10;nom
centrale;10;nom
capitaine;10;nom
calculer;10;ver
bête;10;nom
allonger;10;ver
admirer;10;ver
absolu;10;adj
abaisser;10;ver
étudier;9;ver
étonnement;9;nom
éprouver;9;ver
électricité;9;nom
égarer;9;ver
éclairer;9;ver
échelle;9;nom
âge;9;nom
véritablement;9;adv
vivement;9;adv
virlandaise;9;nr
tracer;9;ver
tenter;9;ver
séparer;9;ver
subir;9;ver
sourire;9;ver
soif;9;nom
signal;9;nom
serrer;9;ver
serpent;9;nom
sein;9;nom
sable;9;nom
réfléchir;9;ver
réduire;9;ver
rouler;9;ver
revoir;9;nom
retomber;9;ver
retirer;9;ver
reculer;9;ver
rappeler;9;ver
pôle;9;nom
proposer;9;ver
poussière;9;nom
poser;9;ver
pioche;9;nom
parfaire;9;ver
paquet;9;nom
orifice;9;nom
opinion;9;nom
obstacle;9;nom
note;9;nom
mêler;9;ver
mur;9;nom
mort;9;nom
minéral;9;adj
marquer;9;ver
lit;9;nom
juger;9;ver
jouer;9;ver
issue;9;nom
ingénieux;9;adj
inférieur;9;adj
ignorer;9;ver
histoire;9;nom
heurter;9;ver
halte;9;nom
géologique;9;adj
génie;9;nom
geyser;9;nom
gens;9;nom
fumée;9;nom
français;9;adj
frais;9;adj
foyer;9;nom
fouler;9;ver
forêt;9;nom
foi;9;nom
fille;9;nom
filer;9;ver
facilement;9;adv
excellent;9;adj
enfouir;9;ver
détour;9;nom
dos;9;nom
diminuer;9;ver
dangereux;9;adj
courage;9;nom
considérer;9;ver
chaud;9;adj
chance;9;nom
cerveau;9;nom
cause;9;nom
brûler;9;ver
brûlant;9;adj
brave;9;adj
boule;9;nom
bondir;9;ver
bloc;9;nom
biscuit;9;nom
baleine;9;nom
arracher;9;ver
appuyer;9;ver
angle;9;nom
anglais;9;nom
affirmer;9;ver
adieu;9;nom
accent;9;nom
valkyrie;8;nr
triste;8;adj
transporter;8;ver
taire;8;ver
schiste;8;nom
réalité;8;nom
rire;8;ver
reptile;8;nom
refaire;8;ver
redoutable;8;adj
rare;8;adj
quaternaire;8;nom
pur;8;adj
précisément;8;adv
précis;8;adj
provenir;8;ver
prouver;8;ver
poutre;8;nom
posséder;8;ver
plutôt;8;adv
personnage;8;nom
parfait;8;adj
parer;8;ver
parchemin;8;nom
ouragan;8;nom
origine;8;nom
onduler;8;ver
obéir;8;ver
nombreux;8;adj
nappe;8;nom
métal;8;nom
mâchoire;8;nom
moitié;8;nom
léger;8;adj
longueur;8;nom
königstrasse;8;nr
infini;8;adj
incompréhensible;8;adj
immédiatement;8;adv
hâter;8;ver
horizontale;8;nom
habituer;8;ver
habitude;8;nom
général;8;adj
grève;8;nom
gris;8;adj
gloire;8;nom
gaz;8;nom
fjörd;8;nr
face;8;nom
employer;8;ver
développer;8;ver
détonation;8;nom
détail;8;nom
dépit;8;nom
douleur;8;nom
doucement;8;adv
dominer;8;ver
dieu;8;nom
delà;8;adv
cours;8;nom
couper;8;ver
coulée;8;nom
contraire;8;nom
construire;8;ver
concentrer;8;ver
complet;8;adj
clocher;8;nom
choc;8;nom
certainement;8;adv
calmer;8;ver
bâtir;8;ver
bateau;8;nom
barre;8;nom
baie;8;nom
bach;8;nr
audacieux;8;adj
attacher;8;ver
ascension;8;nom
appliquer;8;ver
année;8;nom
amener;8;ver
agitation;8;nom
activité;8;nom
aboutir;8;ver
abattre;8;ver
événement;7;nom
étranger;7;nom
étouffer;7;ver
étonnant;7;adj
éclater;7;ver
vérité;7;nom
volonté;7;nom
violemment;7;adv
um;7;nr
ténèbres;7;nom
troupeau;7;nom
train;7;nom
terreur;7;nom
taille;7;nom
système;7;nom
succéder;7;ver
successivement;7;adv
stromboli;7;nr
soutenir;7;ver
servant;7;nom
seizième;7;nom
sauvage;7;adj
sang;7;nom
réunir;7;ver
réserver;7;ver
récit;7;nom
runique;7;adj
ronger;7;ver
redoubler;7;ver
ranimer;7;ver
raisonnement;7;nom
qualité;7;nom
puissant;7;adj
préoccuper;7;ver
profondément;7;adv
prodigieux;7;adj
presqu_île;7;nom
poumon;7;nom
pouce;7;nom
partager;7;ver
otto;7;nr
opposer;7;ver
ondulation;7;nom
obscur;7;adj
noter;7;ver
niveau;7;nom
méditerrané;7;adj
mèche;7;nom
muet;7;adj
mouiller;7;ver
marée;7;nom
marché;7;nom
marche;7;nom
manomètre;7;nom
maintenir;7;ver
machinalement;7;adv
lutter;7;ver
lanterne;7;nom
lame;7;nom
lac;7;nom
johann;7;nr
intéresser;7;ver
instinct;7;nom
inquiéter;7;ver
innombrable;7;adj
incandescent;7;adj
humeur;7;nom
gravir;7;ver
gouverneur;7;nom
glacier;7;nom
fusion;7;nom
fureur;7;nom
exactement;7;adv
empreinte;7;nom
désespoir;7;nom
dimanche;7;nom
diamètre;7;nom
destiner;7;ver
cuisine;7;nom
cryptogramme;7;nom
couleur;7;nom
constant;7;adj
combinaison;7;nom
cime;7;nom
charbon;7;nom
champ;7;nom
cesser;7;ver
cendre;7;nom
but;7;nom
brume;7;nom
bouche;7;nom
bibliothèque;7;nom
besoin;7;nom
avancer;7;ver
attentivement;7;adv
assurer;7;ver
apaiser;7;ver
antique;7;adj
aigu;7;adj
accorder;7;ver
absence;7;nom
éviter;6;ver
éveiller;6;ver
éternel;6;adj
étaler;6;ver
épouvantable;6;adj
énergie;6;nom
éclair;6;nom
volume;6;nom
visiter;6;ver
vide;6;adj
vertige;6;nom
valoir;6;ver
troubler;6;ver
trombe;6;nom
troisième;6;adj
transition;6;nom
tonnerre;6;nom
toit;6;nom
tempérament;6;nom
supporter;6;ver
squelette;6;nom
soumettre;6;ver
sifflement;6;nom
secours;6;nom
réussir;6;ver
résigner;6;ver
réparer;6;ver
ruhmkorff;6;nr
renverser;6;ver
rentrer;6;ver
renoncer;6;ver
remplacer;6;ver
refuser;6;ver
refroidissement;6;nom
recommandation;6;nom
recherche;6;nom
rassurer;6;ver
quartier;6;nom
prétendre;6;ver
préoccupation;6;nom
proportion;6;nom
pointe;6;nom
poids;6;nom
peser;6;ver
pencher;6;ver
peindre;6;ver
ordinaire;6;adj
occidental;6;adj
obtenir;6;ver
obliger;6;ver
nuance;6;nom
nourriture;6;nom
nid;6;nom
naître;6;ver
mystérieux;6;adj
mont;6;nom
minéralogique;6;adj
mastodonte;6;nom
marin;6;nom
manuscrit;6;nom
lueur;6;nom
lointain;6;adj
lentement;6;adv
latitude;6;nom
labyrinthe;6;nom
inutile;6;adj
interne;6;adj
intelligence;6;nom
intact;6;adj
inopinément;6;adv
inexplicable;6;adj
indication;6;nom
inclinaison;6;nom
impatient;6;adj
humphry;6;nr
hospitalité;6;nom
hausser;6;ver
habituel;6;adj
grès;6;nom
grandeur;6;nom
goëlette;6;nr
goutte;6;nom
genièvre;6;nom
fluide;6;adj
fidèle;6;adj
favorable;6;adj
fatigant;6;adj
fameux;6;adj
faille;6;nom
explication;6;nom
exclamation;6;nom
entreprendre;6;ver
entourer;6;ver
enthousiasme;6;nom
engager;6;ver
embarcation;6;nom
effroi;6;nom
effrayer;6;ver
détacher;6;ver
distinctement;6;adv
discuter;6;ver
deviner;6;ver
densité;6;nom
dense;6;adj
célèbre;6;adj
créature;6;nom
crainte;6;nom
conviction;6;nom
continu;6;adj
contemplation;6;nom
condition;6;nom
compagnie;6;nom
clair;6;adj
chasser;6;ver
charmant;6;adj
champignon;6;nom
centaine;6;nom
campagne;6;nom
calcaire;6;nom
cacher;6;ver
branche;6;nom
bouger;6;ver
bizarre;6;adj
base;6;nom
baisser;6;ver
bac;6;nom
augmenter;6;ver
attraction;6;nom
atmosphérique;6;adj
atlantique;6;adj
astre;6;nom
argument;6;nom
apparition;6;nom
ancien;6;adj
altona;6;nr
allemagne;6;nom
aise;6;nom
acquérir;6;ver
accumuler;6;ver
accroissement;6;nom
accepter;6;ver
étude;5;nom
étendue;5;nom
élastique;5;nom
église;5;nom
égard;5;nom
écho;5;nom
échantillon;5;nom
vêtement;5;nom
végétal;5;adj
voyager;5;ver
vomir;5;ver
voisin;5;nom
voie;5;nom
vigoureux;5;adj
vigoureusement;5;adv
verdoyant;5;adj
vendredi;5;nom
veiller;5;ver
troupe;5;nom
tronc;5;nom
trembler;5;ver
tremblement;5;nom
transport;5;nom
traiter;5;ver
tournant;5;nom
tourbe;5;nom
tortue;5;nom
toile;5;nom
thomson;5;nr
tapis;5;nom
tailler;5;ver
sérieux;5;adj
sérieusement;5;adv
sédimentaire;5;adj
surprenant;5;adj
sujet;5;adj
suffisant;5;adj
strasse;5;nom
soupe;5;nom
souffrir;5;ver
souffle;5;nom
sonore;5;adj
sonner;5;ver
solution;5;nom
septentrional;5;adj
sensiblement;5;adv
sensation;5;nom
secousse;5;nom
scène;5;nom
scandinave;5;adj
satisfaction;5;nom
samedi;5;nom
saint;5;nom
rôle;5;nom
rêver;5;ver
régulièrement;5;adv
réellement;5;adv
roi;5;nom
riche;5;adj
revêtir;5;ver
respirer;5;ver
représenter;5;ver
reprise;5;nom
renfermer;5;ver
redevenir;5;ver
redescendre;5;ver
recteur;5;nom
recouvrir;5;ver
reconstruire;5;ver
rapporter;5;ver
ranger;5;ver
rafraîchir;5;ver
queue;5;nom
pâle;5;adj
public;5;adj
préparatif;5;nom
précaution;5;nom
prudent;5;adj
propre;5;adj
promontoire;5;nom
projeter;5;ver
progrès;5;nom
principal;5;adj
position;5;nom
pont;5;nom
poing;5;nom
plaque;5;nom
pièce;5;nom
physique;5;adj
percer;5;ver
payer;5;ver
ossuaire;5;nom
opérer;5;ver
olivier;5;nom
oiseau;5;nom
occasion;5;nom
objection;5;nom
net;5;adj
nerf;5;nom
méridional;5;adj
mémoire;5;nom
monture;5;nom
minéralogiste;5;nr
millier;5;nom
mener;5;ver
menaçant;5;adj
membre;5;nom
meilleur;5;adj
marteau;5;nom
mardi;5;nom
manoeuvre;5;nom
malheureux;5;adj
lune;5;nom
könig;5;nr
journal;5;nom
jouissance;5;nom
joindre;5;ver
irradiation;5;nom
involontairement;5;adv
installer;5;ver
inquiet;5;adj
influence;5;nom
indifférence;5;nom
indice;5;nom
inconnu;5;nom
incertain;5;adj
inattendu;5;adj
imprudent;5;adj
hutte;5;nom
humidité;5;nom
houillère;5;nom
houille;5;nom
horreur;5;nom
horizontalement;5;adv
honte;5;nom
herbe;5;nom
hallucination;5;nom
guider;5;ver
groupe;5;nom
goût;5;nom
glace;5;nom
genou;5;nom
frotter;5;ver
france;5;nr
fourneau;5;nom
fortement;5;adv
folie;5;nom
fleur;5;nom
fier;5;adj
ferrer;5;ver
fente;5;nom
femme;5;nom
fauteuil;5;nom
extérieur;5;adj
exprimer;5;ver
expression;5;nom
europe;5;nr
espérance;5;nom
errer;5;ver
envelopper;5;ver
entrevoir;5;ver
entreprise;5;nom
enthousiaste;5;adj
engouffrer;5;ver
endormir;5;ver
elbe;5;nr
eider;5;nom
effort;5;nom
déranger;5;ver
défaut;5;nom
décoloré;5;adj
distinguer;5;ver
directement;5;adv
différent;5;adj
dessécher;5;ver
dessert;5;nom
céder;5;ver
cuvier;5;nom
curiosité;5;nom
croissant;5;adj
crocodile;5;nom
cramponner;5;ver
contemporain;5;adj
confondre;5;ver
conclusion;5;nom
complètement;5;adv
comparer;5;ver
communication;5;nom
commencement;5;nom
colis;5;nom
coin;5;nom
clarté;5;nom
choisir;5;ver
changement;5;nom
central;5;adj
caresser;5;ver
capitale;5;nom
calendes;5;nom
bâtiment;5;nom
boucher;5;ver
boire;5;ver
blond;5;adj
basaltique;5;adj
baromètre;5;nom
baigner;5;ver
aveugle;5;adj
avenir;5;nom
autrement;5;adv
authenticité;5;nom
auprès_de;5;nr
attirer;5;ver
attaquer;5;ver
arceau;5;nom
apparence;5;nom
allumer;5;ver
aliment;5;nom
affaiblir;5;ver
accrocher;5;ver
accoutumer;5;ver
accord;5;nom
abri;5;nom
évidence;4;nom
étinceler;4;ver
éteint;4;adj
épouvante;4;nom
épaisseur;4;nom
émouvoir;4;ver
élargir;4;ver
également;4;adv
éclatant;4;adj
vêtir;4;ver
volupté;4;nom
voler;4;ver
voiture;4;nom
visite;4;nom
vieil;4;adj
verticalement;4;adv
vertical;4;adj
valise;4;nom
vainement;4;adv
unir;4;ver
uniquement;4;adv
unique;4;adj
type;4;nom
tuf;4;nom
trouble;4;nom
tronçon;4;nom
traîner;4;ver
trampe;4;nr
traduire;4;ver
traduction;4;nom
touffu;4;adj
torture;4;nom
tordre;4;ver
toiser;4;ver
tertiaire;4;adj
teinte;4;nom
tarder;4;ver
tantôt;4;adv
sévère;4;adj
surtarbrandur;4;nr
surnaturel;4;adj
surexcitation;4;nom
superposé;4;adj
sund;4;nr
sud_ouest;4;nom
sublime;4;adj
structure;4;nom
spécimen;4;nom
splendide;4;adj
sourd;4;adj
soupçonner;4;ver
soupir;4;nom
souffrance;4;nom
souffler;4;ver
soucier;4;ver
sonder;4;ver
soigneusement;4;adv
société;4;nom
sinuosité;4;nom
sinueux;4;adj
singe;4;nom
semaine;4;nom
secondaire;4;adj
scorie;4;nom
saurien;4;nom
santé;4;nom
sang_froid;4;nom
saellvertu;4;nr
sac;4;nom
répandre;4;ver
rompre;4;ver
rixdale;4;nom
rigueur;4;nom
rideau;4;nom
richesse;4;nom
retard;4;nom
repousser;4;ver
reparaître;4;ver
rencontre;4;nom
remercier;4;ver
relatif;4;adj
regretter;4;ver
redouter;4;ver
reconnaissance;4;nom
reconnaissable;4;adj
recommander;4;ver
ramper;4;ver
raconter;4;ver
race;4;nom
quai;4;nom
pêcheur;4;nom
péril;4;nom
purement;4;adv
puiser;4;ver
publier;4;ver
prévoir;4;ver
précédent;4;adj
profiter;4;ver
produit;4;nom
procurer;4;ver
privé;4;adj
portée;4;nom
portion;4;nom
population;4;nom
polaire;4;adj
poignard;4;nom
poche;4;nom
plume;4;nom
plesiosaurus;4;nr
plat;4;adj
planche;4;nom
plain;4;nom
physionomie;4;nom
percevoir;4;ver
peau;4;nom
paysan;4;nom
patience;4;nom
paléontologie;4;nom
paisible;4;adj
os;4;nom
optique;4;adj
opposé;4;adj
opaque;4;adj
ombrage;4;nom
oeuvre;4;nom
odeur;4;nom
nécessité;4;nom
noir;4;adj
naïade;4;nom
naturaliste;4;nom
mère;4;nom
muséum;4;nom
multiplier;4;ver
moulin;4;nom
morne;4;adj
modérer;4;ver
misérable;4;adj
menacer;4;ver
maudit;4;adj
marécageux;4;adj
mammifère;4;nom
malle;4;nom
magnétique;4;adj
légèrement;4;adv
lycopodes;4;nr
lutte;4;nom
longer;4;ver
libre;4;adj
leçon;4;nom
larme;4;nom
largeur;4;nom
jeu;4;nom
jaune;4;adj
irriter;4;ver
intéressant;4;adj
interrompre;4;ver
intense;4;adj
intelligent;4;adj
insondable;4;adj
inerte;4;adj
indéfiniment;4;adv
incrédulité;4;nom
incessamment;4;adv
importance;4;nom
immensité;4;nom
ignivomes;4;nr
idiome;4;nom
ichthyosaurus;4;nr
i;4;nom
hôtel;4;nom
hâte;4;nom
humide;4;adj
hache;4;nom
habiter;4;ver
génération;4;nom
gré;4;nom
grouper;4;ver
grossier;4;adj
grisâtre;4;adj
grimper;4;ver
graver;4;ver
gorgée;4;nom
gonfler;4;ver
golfe;4;nom
gneiss;4;nr
glacé;4;adj
gesticuler;4;ver
gerbe;4;nom
gardär;4;nr
fuite;4;nom
frissonner;4;ver
fragile;4;adj
fracas;4;nom
foutre;4;ver
fournir;4;ver
fougère;4;nom
formidable;4;adj
formation;4;nom
flottant;4;adj
fil;4;nom
ferré;4;adj
farouche;4;adj
fantastique;4;adj
faisceau;4;nom
faible;4;adj
facilité;4;nom
faciliter;4;ver
exposer;4;ver
exercice;4;nom
excursion;4;nom
excessif;4;adj
enfuir;4;ver
endormi;4;adj
emplir;4;ver
emparer;4;ver
effacer;4;ver
désaltérer;4;ver
délicieux;4;adj
déchirer;4;ver
déchaîner;4;ver
douteux;4;adj
douloureux;4;adj
disputer;4;ver
dimension;4;nom
danemark;4;nr
cuir;4;nom
création;4;nom
crâne;4;nom
croûte;4;nom
court;4;adj
course;4;nom
couchette;4;nom
contredire;4;ver
contourner;4;ver
contenu;4;nom
contenter;4;ver
consonne;4;nom
consister;4;ver
conformation;4;nom
colline;4;nom
collection;4;nom
cimetière;4;nom
catastrophe;4;nom
cascade;4;nom
cargaison;4;nom
carapace;4;nom
canon;4;nom
cadavre;4;nom
brusquement;4;adv
brisé;4;adj
brillant;4;adj
bouquin;4;nom
bouillonner;4;ver
bouillonnant;4;adj
bouchée;4;nom
bonheur;4;nom
bleu;4;adj
bjarne;4;nr
bifurcation;4;nom
bienfaisant;4;adj
bassin;4;nom
basalte;4;nom
baiser;4;ver
avis;4;nom
atome;4;nom
assigner;4;ver
aspirer;4;ver
aride;4;adj
arborescent;4;adj
appétit;4;nom
appui;4;nom
approuver;4;ver
angleterre;4;nom
amuser;4;ver
ami;4;nom
algue;4;nom
alchimiste;4;nom
aimanter;4;ver
aile;4;nom
aide;4;nom
agréable;4;adj
affecter;4;ver
admirable;4;adj
actuellement;4;adv
actuel;4;adj
acoustique;4;nom
accuser;4;ver
absurde;4;adj
évent;3;nom
étoile;3;nom
étincelle;3;nom
étape;3;nom
étang;3;nom
étager;3;ver
établissement;3;nom
établir;3;ver
équipage;3;nom
équilibre;3;nom
épars;3;adj
élévation;3;nom
éloigné;3;adj
écueil;3;nom
yocul;3;nr
wagon;3;nom
vraisemblablement;3;adv
voyelle;3;nom
voisinage;3;nom
virgile;3;nr
vigne;3;nom
vert;3;adj
verso;3;nom
verser;3;ver
versant;3;nom
ventre;3;nom
veine;3;nom
varié;3;adj
varier;3;ver
valeur;3;nom
vain;3;adj
utile;3;adj
ustensile;3;nom
uniformité;3;nom
uniforme;3;nom
tuteur;3;nom
turleson;3;nr
tube;3;nom
trésor;3;nom
trou;3;nom
triomphant;3;adj
trachytique;3;nr
tournoyer;3;ver
tourbillon;3;nom
terme;3;nom
suprême;3;adj
supposition;3;nom
succès;3;nom
successif;3;adj
sphéroïde;3;nom
sonde;3;nom
solidement;3;adv
solaire;3;adj
singulier;3;adj
silex;3;nom
silencieux;3;adj
sibérie;3;nr
serré;3;adj
serra;3;nom
semer;3;ver
saurer;3;ver
sapin;3;nom
saluer;3;ver
résumer;3;ver
résultat;3;nom
réserve;3;nom
réplique;3;nom
régler;3;ver
réfractaire;3;adj
réfléchi;3;adj
réclamer;3;ver
réaliser;3;ver
rude;3;adj
rouvrir;3;ver
roulement;3;nom
rotule;3;nom
roide;3;adj
rivière;3;nom
risquer;3;ver
riposter;3;ver
retentissant;3;adj
retentir;3;ver
ressource;3;nom
ressentir;3;ver
reproduire;3;ver
renouveler;3;ver
renaître;3;ver
relativement;3;adv
rejaillir;3;ver
rein;3;nom
refroidir;3;ver
rebrousser;3;ver
rassurant;3;adj
raser;3;ver
rampe;3;nom
ramasser;3;ver
radieux;3;adj
quartz;3;nom
quadrupède;3;nom
pénible;3;adj
pâturage;3;nom
pâte;3;nom
ptérodactyle;3;nom
précipitation;3;nom
propos;3;nom
propice;3;adj
proie;3;nom
profiler;3;ver
professer;3;ver
prochain;3;adj
prison;3;nom
preuve;3;nom
pressentiment;3;nom
presbytère;3;nom
pourvoir;3;ver
poste;3;nom
possesseur;3;nom
portland;3;nom
polyglotte;3;adj
plomb;3;nom
pliocène;3;nom
plier;3;ver
planétaire;3;adj
planter;3;ver
plan;3;nom
plaire;3;ver
pitié;3;nom
pierreux;3;adj
peur;3;nom
perte;3;nom
perdu;3;adj
parallèle;3;adj
pantalon;3;nom
palpitant;3;adj
palais;3;nom
page;3;nom
ouvert;3;adj
osciller;3;ver
original;3;nom
oriental;3;adj
orbite;3;nom
occupation;3;nom
obstruer;3;ver
nécessairement;3;adv
nourrir;3;ver
notable;3;adj
nord_ouest;3;nom
noirâtre;3;adj
nez;3;nom
naufrage;3;nom
nager;3;ver
nageoire;3;nom
métallique;3;adj
méprendre;3;ver
ménagerie;3;nom
mugissant;3;adj
mouvant;3;adj
mousse;3;nom
mordre;3;ver
monstrueux;3;adj
monotone;3;adj
modéré;3;adj
modification;3;nom
moderne;3;adj
mistour;3;nr
miracle;3;nom
minéralogie;3;nr
mineur;3;nom
milne;3;nr
micaschistes;3;nr
mi_parti;3;adj
mentir;3;ver
marsouin;3;nom
marque;3;nom
marbre;3;nom
manoeuvrer;3;ver
malencontreux;3;adj
malaise;3;nom
malade;3;adj
maire;3;nom
maigre;3;adj
lézard;3;nom
lâcher;3;ver
lundi;3;nom
livrer;3;ver
lisière;3;nom
liquidité;3;nom
lier;3;ver
liberté;3;nom
largement;3;adv
lait;3;nom
laine;3;nom
lacs;3;nom
kirk;3;nr
kiel;3;nr
justifier;3;ver
justement;3;adv
jusqu_aux;3;nr
juron;3;nom
juge;3;nom
jouir;3;ver
joint;3;adj
jeudi;3;nom
italien;3;nom
islandaises;3;nr
involontaire;3;adj
intérêt;3;nom
intervenir;3;ver
interstice;3;nom
interminable;3;adj
interlocuteur;3;nom
insoluble;3;adj
insensible;3;adj
inonder;3;ver
inhabité;3;adj
inextricable;3;adj
indigène;3;adj
indescriptible;3;adj
incruster;3;ver
incomplet;3;adj
incendie;3;nom
imprévu;3;nom
impossibilité;3;nom
important;3;adj
immédiat;3;adj
imaginaire;3;adj
illustre;3;adj
illusion;3;nom
hôpital;3;nom
héroïque;3;adj
héros;3;nom
hérisser;3;ver
humble;3;adj
humanité;3;nom
horizontal;3;adj
historique;3;adj
hasarder;3;ver
habitation;3;nom
géodes;3;nr
guérison;3;nom
grosseur;3;nom
grec;3;nom
gouvernail;3;nom
gosier;3;nom
gazon;3;nom
gai;3;adj
fête;3;nom
féroce;3;adj
futur;3;nom
fusil;3;nom
fumerolle;3;nom
fucus;3;nr
frémissant;3;adj
front;3;nom
fouiller;3;ver
fouet;3;nom
forlorad;3;nr
flotter;3;ver
fièvre;3;nom
fixer;3;ver
fixe;3;adj
feroë;3;nr
fermier;3;nom
fenêtre;3;nom
femelle;3;nom
faxa;3;nr
fatalité;3;nom
extraordinaire;3;adj
expérience;3;nom
expulser;3;ver
exciter;3;ver
excavation;3;nom
examen;3;nom
esturgeon;3;nom
estomac;3;nom
envahir;3;ver
entrée;3;nom
entremêler;3;ver
entasser;3;ver
ensemble;3;adv
ennemi;3;nom
engin;3;nom
enflammer;3;ver
enfermer;3;ver
enduire;3;ver
encre;3;nom
enchanté;3;adj
emportement;3;nom
employé;3;nom
empire;3;nom
emmener;3;ver
embrasser;3;ver
embarras;3;nom
ellenora;3;nr
effleurer;3;ver
edwards;3;nr
détruire;3;ver
détroit;3;nom
désordre;3;nom
désirer;3;ver
désir;3;nom
désespérer;3;ver
déposer;3;ver
dépenser;3;ver
démontrer;3;ver
dégager;3;ver
décrire;3;ver
décidément;3;adv
décharger;3;ver
duvet;3;nom
durée;3;nom
dureté;3;nom
diète;3;nom
dissiper;3;ver
disperser;3;ver
discours;3;nom
diffuser;3;ver
difficilement;3;adv
dicter;3;ver
devancer;3;ver
destinée;3;nom
dessiner;3;ver
dessein;3;nom
der;3;nom
demeure;3;nom
date;3;nom
câble;3;nom
créer;3;ver
crustacé;3;nom
cristal;3;nom
creux;3;adj
craquer;3;ver
couvée;3;nom
couramment;3;adv
cou;3;nom
coton;3;nom
costume;3;nom
coquille;3;nom
coquillage;3;nom
contact;3;nom
conséquent;3;adj
constituer;3;ver
considérablement;3;adv
conscience;3;nom
connaissance;3;nom
conifère;3;nom
confirmer;3;ver
concevoir;3;ver
comprimé;3;nom
compas;3;nom
comparaison;3;nom
communiquer;3;ver
commotion;3;nom
combat;3;nom
climat;3;nom
classer;3;ver
cité;3;nom
circuler;3;ver
circonférence;3;nom
château;3;nom
choix;3;nom
chevelure;3;nom
chaîne;3;nom
chaussure;3;nom
chaudière;3;nom
charpente;3;nom
chapeau;3;nom
chaleureux;3;adj
cercle;3;nom
ceinture;3;nom
cataracte;3;nom
cassure;3;nom
carrefour;3;nom
capable;3;adj
canal;3;nom
calotte;3;nom
cabine;3;nom
cabane;3;nom
brutal;3;adj
brun;3;adj
brouillard;3;nom
briller;3;ver
bourgade;3;nom
bouleverser;3;ver
bouleau;3;nom
bonjour;3;nom
bond;3;nom
blesser;3;ver
berger;3;nom
baron;3;nom
bande;3;nom
azuré;3;adj
aventure;3;nom
audace;3;nom
attribuer;3;ver
assoupissement;3;nom
assombrir;3;ver
associer;3;ver
ascensionnel;3;adj
arête;3;nom
article;3;nom
arrondir;3;ver
armée;3;nom
argent;3;nom
ardent;3;adj
arctique;3;adj
arc;3;nom
appel;3;nom
aoalkirkja;3;nr
anéantir;3;ver
annonce;3;nom
animer;3;ver
allumé;3;adj
aisé;3;adj
aigrette;3;nom
aider;3;ver
affoler;3;ver
affirmation;3;nom
admiration;3;nom
accès;3;nom
accueil;3;nom
accourir;3;ver
accoter;3;ver
accident;3;nom
abuser;3;ver
absorber;3;ver
ôter;2;ver
évêque;2;nom
évocation;2;nom
évaser;2;ver
évaporation;2;nom
évanouissement;2;nom
étreinte;2;nom
étouffé;2;adj
étiqueter;2;ver
étage;2;nom
éruptifs;2;nr
équiper;2;ver
épreuve;2;nom
époux;2;nom
épouvanté;2;adj
épier;2;ver
épave;2;nom
éparpiller;2;ver
épancher;2;ver
épanchement;2;nom
ému;2;adj
émerveillement;2;nom
éléphant;2;nom
élément;2;nom
élier;2;ver
élasticité;2;nom
égaler;2;ver
édredon;2;nom
écumeux;2;adj
écumer;2;ver
écume;2;nom
écriture;2;nom
école;2;nom
éclairé;2;adj
échauffer;2;ver
échanger;2;ver
écarter;2;ver
ébrécher;2;ver
éboulement;2;nom
éblouissant;2;adj
éblouir;2;ver
ébaucher;2;ver
âme;2;nom
zéro;2;nom
zigzag;2;nom
yokul;2;nr
vorace;2;adj
volute;2;nom
vivacité;2;nom
vigueur;2;nom
vider;2;ver
vertu;2;nom
vertigineux;2;adj
vermeil;2;adj
verdure;2;nom
ventilateur;2;nom
veau;2;nom
vaisseau;2;nom
vaincre;2;ver
vadmel;2;nr
vache;2;nom
utrecht;2;nr
user;2;ver
usage;2;nom
uniformément;2;adv
tôt;2;adv
tâter;2;ver
tufs;2;nr
tuer;2;ver
trouer;2;ver
tromblon;2;nom
trilobites;2;nr
tressaillir;2;ver
trentaine;2;nom
transparent;2;adj
transformer;2;ver
transformation;2;nom
trahir;2;ver
trachytiques;2;nr
tracasser;2;ver
tournure;2;nom
tourment;2;nom
touriste;2;nom
tourbillonner;2;ver
touffe;2;nom
touchant;2;adj
torride;2;adj
tombeau;2;nom
tiède;2;adj
titre;2;nom
tiers;2;nom
théâtre;2;nom
texture;2;nom
tension;2;nom
tendance;2;nom
tapisser;2;ver
taillis;2;nom
tabac;2;nom
séance;2;nom
symptôme;2;nom
suède;2;nom
surhumain;2;adj
surexciter;2;ver
surchauffer;2;ver
superbe;2;adj
suisse;2;adj
suffoquer;2;ver
suffisamment;2;adv
subterrestre;2;nr
substruction;2;nom
sublunaire;2;adj
style;2;nom
steamer;2;nom
spécial;2;adj
spitzberg;2;nr
spirale;2;nom
sous_marin;2;adj
souriant;2;adj
sourcil;2;nom
soulèvement;2;nom
sommaire;2;adj
solitude;2;nom
solitaire;2;adj
soixante_cinquième;2;nr
snorre;2;nr
skagen;2;nr
sinistre;2;adj
simplement;2;adv
silurienne;2;nr
signature;2;nom
signaler;2;ver
sigillaires;2;nr
sicile;2;nr
serviteur;2;nom
serpentin;2;adj
septembre;2;nom
sentier;2;nom
sensé;2;adj
semi;2;nom
section;2;nom
second;2;adj
sculpter;2;ver
scintillation;2;nom
satisfaisant;2;adj
satisfaire;2;ver
sanglant;2;adj
salutaire;2;adj
salin;2;nom
saisissant;2;adj
saint_michel;2;nom
sacré;2;adj
révolter;2;ver
réverbération;2;nom
réveil;2;nom
résulter;2;ver
résistance;2;nom
résine;2;nom
résignation;2;nom
réservoir;2;nom
réseau;2;nom
répercussion;2;nom
régulier;2;adj
régularité;2;nom
réel;2;adj
réduction;2;nom
récent;2;adj
russie;2;nr
rugissement;2;nom
ruban;2;nom
rouille;2;nom
rougir;2;ver
rond;2;nom
roideur;2;nom
rive;2;nom
risque;2;nom
ridicule;2;adj
revêtement;2;nom
revivre;2;ver
retraite;2;nom
resserrer;2;ver
respiration;2;nom
respecter;2;ver
reprocher;2;ver
reposer;2;ver
renversement;2;nom
renommée;2;nom
renfermé;2;adj
remède;2;nom
remous;2;nom
remontant;2;nom
reliure;2;nom
relier;2;ver
relais;2;nom
regret;2;nom
refus;2;nom
reflux;2;nom
reflet;2;nom
refermer;2;ver
redresser;2;ver
recueillir;2;ver
rebondissant;2;adj
rattacher;2;ver
rapport;2;nom
rang;2;nom
rame;2;nom
raisonnable;2;adj
ragaillardir;2;ver
racine;2;nom
rabattre;2;ver
quotidien;2;adj
quignon;2;nom
quatrefages;2;nr
quatorzième;2;nom
pêche;2;nom
périr;2;ver
périlleux;2;adj
pupille;2;nom
pterychtis;2;nr
prêter;2;ver
prétention;2;nom
présider;2;ver
précipice;2;nom
précieusement;2;adv
prudence;2;nom
prudemment;2;adv
provoquer;2;ver
providentiel;2;adj
providence;2;nom
proue;2;nom
protée;2;nr
protopithèque;2;nr
propriété;2;nom
propriétaire;2;nom
proprement;2;adv
proposition;2;nom
proportionnel;2;adj
propager;2;ver
promptement;2;adv
projection;2;nom
profil;2;nom
profession;2;nom
prodigieusement;2;adv
problème;2;nom
probable;2;adj
prière;2;nom
prisme;2;nom
prince;2;nom
primordial;2;adj
pressant;2;adj
pratiquer;2;ver
possession;2;nom
portrait;2;nom
portier;2;nom
portatif;2;adj
portant;2;adj
porphyre;2;nom
poreux;2;adj
poncer;2;ver
pommette;2;nom
poitrine;2;nom
poindre;2;ver
poil;2;nom
poignée;2;nom
pluton;2;nom
pli;2;nom
pleurer;2;ver
platine;2;nom
plate_forme;2;nom
planète;2;nom
plaindre;2;ver
plaie;2;nom
plage;2;nom
plafond;2;nom
placer;2;ver
pis_aller;2;nom
pin;2;nom
phoenix;2;nom
philosophie;2;nom
pharmacie;2;nom
pesanteur;2;nom
personnel;2;adj
perpendiculaire;2;adj
paître;2;ver
paysage;2;nom
pavé;2;nom
paupière;2;nom
patte;2;nom
passionner;2;ver
passant;2;nom
particulièrement;2;adv
particularité;2;nom
parfum;2;nom
panache;2;nom
palpiter;2;ver
palmier;2;nom
pacifique;2;adj
p;2;nr
ours;2;nom
oseibo;2;nr
orné;2;adj
orner;2;ver
organique;2;adj
organe;2;nom
onde;2;nom
olsen;2;nr
odorat;2;nom
obstinément;2;adv
négociant;2;nom
nu;2;adj
noyer;2;ver
noyau;2;nom
nouvel;2;adj
nord_est;2;nom
nomenclature;2;nom
noeud;2;nom
nier;2;ver
nettement;2;adv
neptune;2;nr
nej;2;nr
nef;2;nom
navigation;2;nom
naufragé;2;nom
national;2;adj
nation;2;nom
métier;2;nom
mériter;2;ver
ménager;2;ver
mélancolique;2;adj
méger;2;nom
médecin;2;nom
méchant;2;adj
mécanique;2;adj
mythologique;2;adj
mythologie;2;nom
mystification;2;nom
mutuel;2;adj
mutisme;2;nom
musée;2;nom
muscle;2;nom
moyenne;2;nom
mouton;2;nom
mouillé;2;adj
motif;2;nom
mortel;2;nom
montagnard;2;nom
monotonie;2;nom
molécule;2;nom
mollusque;2;nom
moisson;2;nom
modérément;2;adv
modeste;2;adj
minéralisation;2;nom
minuit;2;nom
mica;2;nom
mericotherium;2;nr
mercredi;2;nom
menace;2;nom
megatherium;2;nr
mayen;2;nr
mathématique;2;adj
masure;2;nom
marmot;2;nom
mark;2;nom
mariage;2;nom
marchander;2;ver
marchand;2;nom
manifester;2;ver
manier;2;ver
manganèse;2;nom
mammouth;2;nom
malheur;2;nom
majestueusement;2;adv
mai;2;nom
magnétisme;2;nom
magnificence;2;nom
maculer;2;ver
machine;2;nom
lépreux;2;nom
légendaire;2;adj
lécher;2;ver
là_bas;2;adv
lubeck;2;nr
loupe;2;nom
logique;2;adj
locomotion;2;nom
littéraire;2;adj
literie;2;nom
liqueur;2;nom
limpide;2;adj
lignite;2;nom
leptotherium;2;nr
lent;2;adj
leipzig;2;nr
kyrkoherde;2;nr
kauris;2;nr
jurer;2;ver
jurassique;2;adj
jouet;2;nom
jean;2;nom
jarret;2;nom
ja;2;nr
isolement;2;nom
irréparable;2;adj
irrégulier;2;adj
irritation;2;nom
irascible;2;adj
ipse;2;nom
inégal;2;adj
invincible;2;adj
invention;2;nom
inventer;2;ver
invariablement;2;adv
introduire;2;ver
intelligible;2;adj
insu;2;nom
instruire;2;ver
insister;2;ver
insensibilité;2;nom
inquiétude;2;nom
inquiétant;2;adj
inondation;2;nom
innocent;2;adj
infranchissable;2;adj
inflammable;2;adj
infirmité;2;nom
infect;2;adj
inespéré;2;adj
indécis;2;adj
indolent;2;adj
indigne;2;adj
indignation;2;nom
indifférent;2;adj
inde;2;nom
inculte;2;adj
incrédule;2;adj
incontestablement;2;adv
incontestable;2;adj
incomparable;2;adj
incommensurable;2;adj
incliné;2;adj
incapable;2;adj
inappréciable;2;adj
inanition;2;nom
impénétrable;2;adj
impuissant;2;adj
improviser;2;ver
imprimer;2;ver
impression;2;nom
impraticable;2;adj
implorer;2;ver
impitoyable;2;adj
impassible;2;adj
immanior;2;nr
ignorant;2;adj
identique;2;adj
ici_bas;2;adv
hôtesse;2;nom
hérissé;2;adj
hébreu;2;nom
hvalfjörd;2;nr
humboldt;2;nr
horrible;2;adj
horizontalité;2;nom
honteux;2;adj
holstein;2;nr
hastigt;2;nr
harmonieux;2;adj
hameçon;2;nom
hameau;2;nom
haleter;2;ver
hagard;2;adj
habité;2;adj
habiller;2;ver
habile;2;adj
gêner;2;ver
géographique;2;adj
gémissement;2;nom
gémir;2;ver
guérir;2;ver
guirlande;2;nom
gueule;2;nom
groënland;2;nr
grouiller;2;ver
grimoire;2;nom
gravité;2;nom
grappe;2;nom
goûter;2;ver
goélette;2;nom
gouvernement;2;nom
god;2;nr
giratoire;2;adj
gigans;2;nr
gazeux;2;adj
garnir;2;ver
ganoïdes;2;nr
gamin;2;nom
fémur;2;nom
féconder;2;ver
fébrile;2;adj
furie;2;nom
fureter;2;ver
fulmi;2;nr
fugitif;2;nom
fréquemment;2;adv
frénétiquement;2;adv
frégate;2;nom
fruit;2;nom
froncer;2;ver
frissonnement;2;nom
frisson;2;nom
frelsers;2;nr
fraîchir;2;ver
frayer;2;ver
fracture;2;nom
fourrage;2;nom
fougueux;2;adj
foudre;2;nom
fossiliser;2;ver
formulé;2;adj
forcément;2;adv
fondre;2;ver
fonder;2;ver
flèche;2;nom
flux;2;nom
flore;2;nom
fleuve;2;nom
flegmatique;2;adj
flairer;2;ver
flacon;2;nom
fjörds;2;nr
fiévreux;2;adj
filon;2;nom
figurer;2;ver
fiancé;2;nom
feuillet;2;nom
feuillage;2;nom
ferrugineux;2;adj
favoriser;2;ver
faux;2;adj
faute;2;nom
faillir;2;ver
faiblesse;2;nom
faculté;2;nom
facette;2;nom
exploitation;2;nom
explicable;2;adj
expansif;2;adj
exhumer;2;ver
exercer;2;ver
exagérer;2;ver
etna;2;nr
etc;2;adv
estomper;2;ver
espagnol;2;nom
escarpé;2;adj
envoyer;2;ver
envoler;2;ver
environnant;2;adj
envieux;2;adj
envier;2;ver
envie;2;nom
entêter;2;ver
entêtement;2;nom
entretien;2;nom
enterrer;2;ver
entamer;2;ver
entaille;2;nom
ensuivre;2;ver
enrouler;2;ver
ennui;2;nom
enlacer;2;ver
enjambée;2;nom
engagement;2;nom
encombrer;2;ver
encaisser;2;ver
emprisonner;2;ver
empressement;2;nom
embarrassé;2;adj
embarrasser;2;ver
embarquerons;2;nr
elseneur;2;nr
effroyable;2;adj
effluve;2;nom
effectuer;2;ver
dôme;2;nom
dévouer;2;ver
développement;2;nom
détourner;2;ver
détendre;2;ver
désordonner;2;ver
désigner;2;ver
désespérant;2;adj
désagréable;2;adj
dérober;2;ver
dépourvu;2;adj
dépourvoir;2;ver
dépouiller;2;ver
déployer;2;ver
déplacer;2;ver
dénûment;2;nr
dénomination;2;nom
délire;2;nom
délicat;2;adj
déjection;2;nom
dégringoler;2;ver
dégoût;2;nom
défense;2;nom
défaire;2;ver
déduction;2;nom
dédaigner;2;ver
décliner;2;ver
déclinaison;2;nom
déchiqueter;2;ver
début;2;nom
déborder;2;ver
douer;2;ver
donnée;2;nom
dizaine;2;nom
dixième;2;nom
diviser;2;ver
divagation;2;nom
distribuer;2;ver
distraire;2;ver
distingué;2;adj
disque;2;nom
dislocation;2;nom
discontinuent;2;nr
directeur;2;nom
diminution;2;nom
différer;2;ver
différence;2;nom
diffusion;2;nom
dictée;2;nom
diamant;2;nom
demi_obscurité;2;nom
demi_nu;2;adv
demi_mille;2;nom
demi_lieue;2;nom
dag;2;nr
côtoyer;2;ver
cétacé;2;nom
cérémonie;2;nom
cylindrique;2;adj
cygne;2;nom
cure;2;nom
cuire;2;ver
croulez;2;nr
crevette;2;nom
crevasse;2;nom
craterem;2;nr
crampe;2;nom
couver;2;ver
courbe;2;nom
couple;2;nom
coude;2;nom
cosmique;2;adj
correspondant;2;nom
cordial;2;nom
convulsion;2;nom
convoi;2;nom
contribuer;2;ver
contrarier;2;ver
contraction;2;nom
contour;2;nom
contempler;2;ver
conséquemment;2;adv
consultant;2;nom
consul;2;nom
consigner;2;ver
consigne;2;nom
conservation;2;nom
confus;2;adj
confortable;2;adj
conformer;2;ver
confondu;2;adj
conductibilité;2;nom
condensation;2;nom
condamner;2;ver
concert;2;nom
compresse;2;nom
composant;2;nom
compartiment;2;nom
comparaître;2;ver
commerçant;2;nom
commander;2;ver
combustion;2;nom
combler;2;ver
combiner;2;ver
combattre;2;ver
colossal;2;adj
coloré;2;adj
colomb;2;nr
collègue;2;nom
coadjuteur;2;nom
co;2;adv
clore;2;ver
chêne;2;nom
chimique;2;adj
chimie;2;nom
chauffer;2;ver
chasse;2;nom
chanter;2;ver
cesse;2;nom
centaure;2;nom
cavité;2;nom
cave;2;nom
cavalier;2;nom
cauchemar;2;nom
cathédrale;2;nom
cataclysme;2;nom
carrière;2;nom
carnet;2;nom
carabine;2;nom
capricieux;2;adj
canot;2;nom
canne;2;nom
calciné;2;adj
caisse;2;nom
caillou;2;nom
cadran;2;nom
bénir;2;ver
bâiller;2;ver
brusque;2;adj
brumeux;2;adj
broussaille;2;nom
brouiller;2;ver
bronze;2;nom
boër;2;nr
boyau;2;nom
bouteille;2;nom
bourse;2;nom
boucler;2;ver
boréal;2;adj
borner;2;ver
bonté;2;nom
bonnement;2;adv
bonhomme;2;nom
bombe;2;nom
bifurquer;2;ver
bibliomane;2;nr
beurre;2;nom
besogne;2;nom
belt;2;nr
beauté;2;nom
beaumont;2;nr
batelier;2;nom
barque;2;nom
barnum;2;nom
baptiser;2;ver
banc;2;nom
ballot;2;nom
balle;2;nom
balbutier;2;ver
bain;2;nom
aéronaute;2;nom
avidité;2;nom
avalanche;2;nom
autoriser;2;ver
au_delà;2;adv
attester;2;ver
atlas;2;nom
assourdissant;2;adj
assaut;2;nom
aspérité;2;nom
articulé;2;adj
art;2;nom
arrêt;2;nom
arroser;2;ver
arrondi;2;adj
arranger;2;ver
arpenter;2;ver
ardu;2;adj
architecte;2;nom
arbuste;2;nom
aplomb;2;nom
aplatir;2;ver
antiquité;2;nom
antipode;2;nom
anthracite;2;nom
anter;2;ver
annexia;2;nr
animé;2;adj
angoisse;2;nom
amérique;2;nom
ample;2;adj
amour_propre;2;nom
ambiant;2;adj
amarre;2;nom
alphabet;2;nom
alourdir;2;ver
ajax;2;nom
aisément;2;adv
agité;2;adj
afrique;2;nr
affirmatif;2;adj
affaissement;2;nom
adroitement;2;adv
adroit;2;adj
adresse;2;nom
adoucir;2;ver
administration;2;nom
activer;2;ver
acier;2;nom
acide;2;nom
accoster;2;ver
accabler;2;ver
absorbant;2;adj
abriter;2;ver
abondant;2;adj
ü;1;nr
éventer;1;ver
évasé;1;adj
évanouir;1;ver
évaluer;1;ver
étudiant;1;nom
étreindre;1;ver
étrangement;1;adv
étourdir;1;ver
étourdi;1;adj
étoupe;1;nom
étouffant;1;adj
étiquetait;1;nr
étiquetai;1;nr
étincelant;1;adj
éthéré;1;adj
éther;1;nom
éternellement;1;adv
étau;1;nom
étançonnées;1;nr
étancher;1;ver
érosion;1;nom
équerre;1;nom
équatoriales;1;nr
équateur;1;nom
équarri;1;adj
épouvanter;1;ver
épousseter;1;ver
épisode;1;nom
épiscopal;1;adj
épeler;1;ver
épanouir;1;ver
épaissir;1;ver
éolien;1;nom
éole;1;nr
éocènes;1;nr
énumérer;1;ver
émotionner;1;ver
émission;1;nom
éminence;1;nom
éminemment;1;adv
émerveiller;1;ver
émerger;1;ver
émanation;1;nom
élucider;1;ver
éloignerions;1;nr
éloignement;1;nom
élire;1;ver
élença;1;nr
égoïste;1;adj
égayer;1;ver
égalité;1;nom
éducation;1;nom
édifice;1;nom
édification;1;nom
écumant;1;adj
écru;1;adj
écrouler;1;ver
écosser;1;ver
écorcheraient;1;nr
économiquement;1;adv
économie;1;nom
éclosent;1;nr
éclos;1;adj
éclore;1;ver
échouer;1;ver
échevelé;1;adj
échancré;1;adj
échancrure;1;nom
écarté;1;adj
écaille;1;nom
ébullition;1;nom
ébouler;1;ver
éblouissement;1;nom
ébauché;1;adj
ébahissement;1;nom
çà;1;adv
ß;1;nr
zélandais;1;nr
zoophytes;1;nr
zone;1;nom
zircône;1;nr
z;1;nom
yoculis;1;nr
yard;1;nom
yakoust;1;nr
xxxviii;1;nr
xxxvii;1;nr
xxxvi;1;nr
xxxv;1;nr
xxxix;1;nr
xxxiv;1;nr
xxxiii;1;nr
xxxii;1;nr
xxxi;1;nr
xxx;1;nr
xxviii;1;nr
xxvii;1;nr
xxvi;1;nr
xxv;1;nr
xxix;1;nr
xxiv;1;nr
xxiii;1;nr
xxii;1;nr
xxi;1;nr
xx;1;nr
xviiie;1;nr
xviii;1;nr
xvii;1;nr
xvie;1;nr
xvi;1;nr
xv;1;nr
xlv;1;nr
xliv;1;nr
xliii;1;nr
xlii;1;nr
xli;1;nr
xl;1;nr
xix;1;nr
xive;1;nr
xiv;1;nr
xiii;1;nr
xii;1;nr
xi;1;nr
wuttemberg;1;nr
westman;1;nr
véhicule;1;nom
végétatif;1;adj
vulnéraire;1;nom
vulgaire;1;adj
vor;1;nr
voluptueusement;1;adv
volumineux;1;adj
volubilité;1;nom
volubilis;1;nom
volturne;1;nr
voltiger;1;ver
volte;1;nom
voleur;1;nom
volatiliser;1;ver
voilière;1;nr
voguer;1;ver
voeu;1;nom
vocifération;1;nom
vocable;1;nom
vivifiant;1;adj
vitrine;1;nom
vitre;1;nom
vitrail;1;nom
vision;1;nom
virgule;1;nom
vingtaine;1;nom
vincent;1;nr
vinaigre;1;nom
vin;1;nom
village;1;nom
villa;1;nom
vilain;1;adj
viii;1;nr
vii;1;nr
vierge;1;adj
vieillard;1;nom
victime;1;nom
vicenzo;1;nr
viator;1;nr
viam;1;nr
vi;1;nr
vexer;1;ver
veste;1;nom
verticalité;1;nom
verre;1;nom
verne;1;nom
vergue;1;nom
verger;1;nom
verdeur;1;nom
verbiage;1;nom
verbe;1;nom
ver;1;nom
velours;1;nom
vatten;1;nr
variation;1;nom
vareuse;1;nom
vaporiser;1;ver
vallée;1;nom
vainqueur;1;nom
vaciller;1;ver
usité;1;adj
uranus;1;nr
unteief;1;nr
universel;1;adj
univers;1;nom
union;1;nom
uneeief;1;nr
unanime;1;adj
umbra;1;nr
témoin;1;nom
tänder;1;nr
tâtonnement;1;nom
tâche;1;nom
tyrol;1;nr
tyran;1;nom
tva;1;nr
tuyau;1;nom
turquie;1;nr
tungstates;1;nr
tuméfié;1;adj
tuile;1;nom
tugendbund;1;nr
tudesque;1;adj
truite;1;nom
troïl;1;nr
troublant;1;adj
tropical;1;adj
troglodyte;1;nom
trn;1;nr
triompher;1;ver
triomphalement;1;adv
trillion;1;nom
tricot;1;nom
triasiques;1;nr
triai;1;nr
tresser;1;ver
trempe;1;nom
trembloter;1;ver
tremblant;1;adj
treizième;1;adj
travée;1;nom
trappéen;1;nr
trapps;1;nr
trappeur;1;nom
trapp;1;nr
trapani;1;nr
transversal;1;adj
transfigurer;1;ver
transcendant;1;adj
tranquillité;1;nom
tranchée;1;nom
traitement;1;nom
trait;1;nom
tradition;1;nom
tracas;1;nom
tousser;1;ver
tournée;1;nom
tourmenter;1;ver
tourbière;1;nom
totalement;1;adv
total;1;adj
torwaldsen;1;nr
torw;1;nr
tort;1;nom
torse;1;nom
torrentiel;1;adj
torpeur;1;nom
topographique;1;adj
tolérer;1;ver
toiture;1;nom
toilette;1;nom
toeplitz;1;nr
titaniates;1;nr
titanesque;1;adj
tissage;1;nom
tire_d_aile;1;nom
timide;1;adj
tige;1;nom
tidvatten;1;nr
tibia;1;nom
thérapeutique;1;adj
thé;1;nom
thuya;1;nom
thomas;1;nom
thermal;1;adj
teutobochus;1;nr
territoire;1;nom
terriblement;1;adv
terreux;1;adj
terrestrielle;1;nr
terrassier;1;nom
terrasse;1;nom
ternaire;1;adj
tenue;1;nom
tendu;1;adj
tendresse;1;nom
temple;1;nom
tellement;1;adv
teint;1;nom
tasse;1;nom
tardif;1;adj
tarauder;1;ver
tapir;1;nom
taper;1;ver
tangage;1;nom
talus;1;nom
taciturnité;1;nom
taciturne;1;adj
tacher;1;ver
tache;1;nom
tablier;1;nom
tabiled;1;nr
séparé;1;adj
séjour;1;nom
sédiment;1;nom
sécurité;1;nom
séculaire;1;adj
sécher;1;ver
syénites;1;nr
syracuse;1;nr
sympathie;1;nom
sylphe;1;nom
suédois;1;adj
suspect;1;nom
susciter;1;ver
surplomber;1;ver
surplombement;1;nr
surpasser;1;ver
surmonter;1;ver
surfaire;1;ver
sureau;1;nom
surcroît;1;nom
surbaissé;1;adj
supputer;1;ver
supprimer;1;ver
supportable;1;adj
suppléer;1;ver
supplier;1;ver
supplice;1;nom
superstitieux;1;adj
superfluité;1;nom
superficie;1;nom
sulfurique;1;adj
sulfureux;1;adj
suintement;1;nom
sui_generis;1;adj
sueur;1;nom
sudvestr;1;nr
sucre;1;nom
succomber;1;ver
subtiliser;1;ver
subtil;1;adj
substructions;1;nr
substance;1;nom
subjectivement;1;adv
stylet;1;nom
stupéfactions;1;nr
stupidité;1;nom
stupide;1;adj
struve;1;nr
strongyle;1;nr
stromboliotes;1;nr
strié;1;adj
stratiforme;1;nr
strate;1;nom
stinâ;1;nr
statue;1;nom
statuaire;1;nom
stalagmite;1;nom
stalactite;1;nom
squale;1;nom
spéculation;1;nom
splendidement;1;adv
splendeur;1;nom
sphère;1;nom
sphenophylles;1;nr
spetelsk;1;nr
speronare;1;nr
spectre;1;nom
spectateur;1;nom
species;1;nom
spartiate;1;nom
sparadrap;1;nom
spacieux;1;adj
spa;1;nom
souverainement;1;adv
soupçon;1;nom
souple;1;adj
souffreteux;1;adj
souci;1;nom
sortie;1;nom
sonorité;1;nom
somptueux;1;adj
solliciter;1;ver
soliloque;1;nom
solidarité;1;nom
solennité;1;nom
solennellement;1;adv
soixante_dixième;1;nom
soirée;1;nom
soie;1;nom
sodium;1;nom
sobriété;1;nom
sobrement;1;adv
sobre;1;adj
skyr;1;nr
skager;1;nr
siège;1;nom
site;1;nom
sir;1;nom
sine_qua_non;1;adv
simplifia;1;nr
siluriens;1;nr
sillonner;1;ver
sillage;1;nom
siliceux;1;adj
siliceuses;1;nr
silencieusement;1;adv
signet;1;nom
signer;1;ver
siffler;1;ver
siamo;1;nr
sgtssmf;1;nr
seuil;1;nom
serviable;1;adj
serrure;1;nom
serpenter;1;ver
sequamur;1;nr
sentence;1;nom
semi_officiel;1;adj
selle;1;nom
sel;1;nom
seigneur;1;nom
segnittamurtn;1;nr
seffel;1;nr
seethland;1;nr
seeland;1;nr
seecjde;1;nr
scruter;1;ver
scrupuleux;1;adj
scheuchzer;1;nr
scheel;1;nr
scandale;1;nom
savoureux;1;adj
savourer;1;ver
sauropteris;1;nr
saurböer;1;nr
saule;1;nom
saturne;1;nr
saturer;1;ver
satellite;1;nom
sarrasin;1;nom
saodrrn;1;nr
sansan;1;nr
sans_façon;1;nom
san;1;nr
samn;1;nr
salé;1;adj
salon;1;nom
saler;1;ver
sale;1;adj
saknussem;1;nr
saison;1;nom
saisie;1;nom
sain;1;adj
saignée;1;nom
saigner;1;ver
sage;1;adj
sagacité;1;nom
sacrifice;1;nom
sablonnière;1;nr
sabine;1;nr
rêveur;1;nom
rêverie;1;nom
rêne;1;nom
révéler;1;ver
révélation;1;nom
révolte;1;nom
rétrograde;1;adj
rétine;1;nom
rétinasphaltes;1;nr
réséda;1;nom
résolution;1;nom
résidu;1;nom
réputation;1;nom
répulsif;1;adj
répondisse;1;nr
répit;1;nom
répercuter;1;ver
rémunération;1;nom
réjouir;1;ver
réitérer;1;ver
réfugier;1;ver
réfection;1;nom
récréation;1;nom
récréatif;1;adj
réconforter;1;ver
récompense;1;nom
récolter;1;ver
récolte;1;nom
récipient;1;nom
récalcitrant;1;adj
réapparaître;1;ver
réagir;1;ver
réaction;1;nom
râper;1;ver
râclant;1;nr
rupture;1;nom
rune;1;nom
ruminant;1;nom
rumeur;1;nom
ruine;1;nom
rugueux;1;adj
rudimentaire;1;adj
rubiacées;1;nr
ruade;1;nom
rrilsa;1;nr
royaume;1;nom
roux;1;adj
rougissant;1;adj
rougeâtre;1;adj
rouffle;1;nr
roter;1;ver
rotaivsadua;1;nr
rosée;1;nom
ross;1;nr
rosenborg;1;nr
roseau;1;nom
ronflant;1;adj
roman;1;nom
rocheux;1;adj
robuste;1;adj
robert;1;nom
rnlls;1;nr
river;1;ver
riposte;1;nom
rigoureux;1;adj
ridé;1;adj
rhomboédriques;1;nr
rhodes;1;nr
rhinocéros;1;nom
rez_de_chaussée;1;nom
reykjaness;1;nr
reykir;1;nr
revînmes;1;nr
revue;1;nom
revolver;1;nom
revisitait;1;nr
retrait;1;nom
restaurer;1;ver
restauration;1;nom
ressortir;1;ver
ressentisse;1;nr
ressac;1;nom
resplendissant;1;adj
resplendir;1;ver
respectif;1;adj
respectable;1;adj
requin;1;nom
repère;1;nom
représentant;1;nom
reproche;1;nom
repoussant;1;adj
reposant;1;adj
reporter;1;ver
replier;1;ver
replacer;1;ver
repentir;1;ver
repartir;1;ver
renvoyer;1;ver
renseigner;1;ver
renommé;1;adj
renaissance;1;nom
rempli;1;adj
rempart;1;nom
remontrer;1;ver
remerciement;1;nom
remarque;1;nom
relégué;1;adj
relire;1;ver
religieux;1;adj
relief;1;nom
relevé;1;adj
rejeté;1;adj
rejaillira;1;nr
reine;1;nom
rehausser;1;ver
regrettable;1;adj
redoublement;1;nom
redire;1;ver
recto;1;nom
rectifier;1;ver
recourir;1;ver
recourber;1;ver
recomposer;1;ver
rechute;1;nom
recharger;1;ver
rebondir;1;ver
rayonner;1;ver
ravin;1;nom
rauque;1;adj
raturer;1;ver
raturant;1;nr
rattraper;1;ver
rationnerons;1;nr
rationner;1;ver
ration;1;nom
raréfier;1;ver
rarement;1;adv
rançonner;1;ver
rangée;1;nom
ralentir;1;ver
rak;1;nr
raisonner;1;ver
railways;1;nr
railway;1;nom
raidillon;1;nom
raide;1;adj
rage;1;nom
rafale;1;nom
raboteux;1;adj
r;1;nr
quoiqu;1;nr
quinzième;1;nom
quintillions;1;nr
questa;1;nr
quatrième;1;adj
quatrillions;1;nr
quatre_vingtième;1;adj
quatre_vingt_sixième;1;nr
quatre_vingt_quatrième;1;nr
quatre_vingt_cinquième;1;nr
quacumque;1;nr
pêle_mêle;1;adv
pêcher;1;ver
pétrifier;1;ver
pétiller;1;ver
pétillant;1;adj
périodique;1;adj
péniblement;1;adv
père;1;nom
pâtre;1;nom
pâlir;1;ver
pâleur;1;nom
pyroxéniques;1;nr
pyramide;1;nom
pyramidal;1;adj
purgold;1;nr
purdley;1;nr
pulvériser;1;ver
prêtre;1;nom
prévoyance;1;nom
prévision;1;nom
prévenir;1;ver
prétendu;1;adj
préserver;1;ver
présent;1;nom
présager;1;ver
présage;1;nom
préparateur;1;nom
préférence;1;nom
préférable;1;adj
précision;1;nom
préciser;1;ver
précipitamment;1;adv
préadamites;1;nr
pré;1;nom
prune;1;nom
provisoirement;1;adv
province;1;nom
protopithèques;1;nr
protocarbure;1;nr
protestant;1;adj
prosterner;1;ver
proserpine;1;nr
proportionnellement;1;adv
proportionnalité;1;nom
propagation;1;nom
pronostic;1;nom
prononciation;1;nom
promettre;1;ver
prolongé;1;adj
projectile;1;nom
prognathisme;1;nom
profit;1;nom
prodigue;1;adj
procédé;1;nom
procéder;1;ver
procès;1;nom
proche;1;adj
procession;1;nom
privation;1;nom
prisonnier;1;nom
printemps;1;nom
principe;1;nom
principalement;1;adv
prime;1;nom
prestigieux;1;adj
presse;1;nom
pratique;1;nom
prairie;1;nom
poète;1;nom
povelsen;1;nr
poursuivre;1;ver
pouls;1;nom
poulie;1;nom
poudrières;1;nr
poterie;1;nom
potassium;1;nom
pot;1;nom
postérieur;1;nom
posture;1;nom
possibilité;1;nom
positif;1;adj
porteur;1;nom
portefeuille;1;nom
pondre;1;ver
ponceux;1;nr
pompeusement;1;adv
pomme;1;nom
polyphème;1;nr
polyglottisme;1;nr
poltron;1;nom
poissonneux;1;adj
png;1;nr
plutonique;1;adj
plumer;1;ver
plumeau;1;nom
ployant;1;adj
pliocènes;1;nr
pleuvoir;1;ver
plater;1;nr
plateau;1;nom
planer;1;ver
plaisanterie;1;nom
plaignant;1;nom
piéton;1;nom
piédestal;1;nom
pittoresque;1;adj
piton;1;nom
pirouette;1;nom
piquer;1;ver
pipe;1;nom
pionnier;1;nom
piocheur;1;nom
pingstaoer;1;nr
pilote;1;nom
pilier;1;nom
pignon;1;nom
pietursson;1;nr
pictursson;1;nr
piaffer;1;ver
phénoménal;1;adj
phase;1;nom
phare;1;nom
peuple;1;nom
peterman;1;nr
peterheade;1;nr
pester;1;ver
pesant;1;adj
perthes;1;nr
persécuter;1;ver
persuader;1;ver
perspective;1;nom
persistant;1;adj
persil;1;nom
perroquet;1;nom
perpétuel;1;adj
perpendiculairement;1;adv
permiens;1;nr
permanent;1;adj
perfection;1;nom
perfectible;1;adj
perdition;1;nom
percée;1;nom
perception;1;nom
perceptible;1;adj
pensif;1;adj
pensant;1;adj
pendre;1;ver
penchant;1;nom
pelote;1;nom
peinture;1;nom
pectoral;1;adj
pecoris;1;nr
pausanias;1;nr
paul;1;nr
patron;1;nom
patiner;1;ver
patient;1;nom
pastoral;1;adj
passion;1;nom
passeur;1;nom
passager;1;nom
partance;1;nom
parsemer;1;ver
paroissien;1;nom
paroisse;1;nom
parent;1;nom
pardonnable;1;adj
parcheminé;1;adj
parc;1;nom
parasol;1;nom
paralyser;1;ver
parallélisme;1;nom
paracelse;1;nr
par_mégarde;1;adv
par_ci;1;adv
paquebot;1;nom
panorama;1;nom
paléontologiste;1;nom
paléontologique;1;nr
palpions;1;nr
palmacites;1;nr
palette;1;nom
palerme;1;nr
paisiblement;1;adv
paire;1;nom
pachyderme;1;nom
oxygène;1;nom
oxydait;1;nr
ovoïde;1;adj
ouïe;1;nom
ossifère;1;nr
osseux;1;adj
oseille;1;nom
orteil;1;nom
orphelin;1;adj
orographique;1;nr
orme;1;nom
orienter;1;ver
organisation;1;nom
oreste;1;nr
ordinairement;1;adv
orcades;1;nr
orateur;1;nom
opération;1;nom
opulent;1;adj
opportun;1;adj
onguent;1;nom
ongle;1;nom
omettre;1;ver
omelette;1;nom
omar;1;nr
olivâtre;1;adj
olafsen;1;nr
olaf;1;nr
ohio;1;nr
ogive;1;nom
ogivales;1;nr
ofvanför;1;nr
officier;1;nom
office;1;nom
oeuf;1;nom
oedipe;1;nom
odin;1;nr
océanie;1;nr
octroyer;1;ver
occident;1;nom
obéissant;1;adj
obvier;1;ver
obstination;1;nom
obscurcir;1;ver
obliquer;1;ver
obliquement;1;adv
oblique;1;adj
nénuphar;1;nom
négliger;1;ver
négativement;1;adv
négatif;1;adj
nébuleux;1;nom
néant;1;nom
nègre;1;nom
nye;1;nr
nuée;1;nom
numéro;1;nom
nuageux;1;adj
nuaect;1;nr
nscrc;1;nr
nrnlls;1;nr
nouvellement;1;adv
nouveauté;1;nom
nourrissant;1;adj
nostalgie;1;nom
norwège;1;nr
norvégien;1;adj
norvège;1;nr
nonchalamment;1;adv
noma;1;nr
noi;1;nr
nocturne;1;adj
nièce;1;nom
nitrique;1;adj
nitreux;1;adj
nikolas;1;nr
niedrke;1;nr
newcastle;1;nr
neutraliser;1;ver
netteté;1;nom
nerveux;1;adj
nere;1;nr
neigeux;1;adj
nedat;1;nr
nec;1;nom
naïf;1;adj
naviguer;1;ver
navigateur;1;nom
naturellement;1;adv
natal;1;adj
naissance;1;nom
nain;1;nom
météore;1;nom
méthodiquement;1;adv
mésopithèque;1;nr
méridien;1;nom
ménage;1;nom
mémorable;1;adj
mélangé;1;adj
mélanger;1;ver
mélange;1;nom
mélancolie;1;nom
mégatherium;1;nr
médiocrement;1;adv
mécompte;1;nom
mâture;1;nom
mâle;1;nom
mâcher;1;ver
mystifier;1;ver
myrdals;1;nr
myganness;1;nr
mutabile;1;nr
muséums;1;nr
muser;1;ver
museau;1;nom
muscade;1;nom
murmure;1;nom
murmurant;1;adj
murer;1;ver
mural;1;adj
munir;1;ver
moyen_âge;1;nom
moutonneux;1;adj
mourant;1;adj
mouler;1;ver
mouchoir;1;nom
moselle;1;nr
morue;1;nom
more;1;adj
moqueur;1;adj
moquer;1;ver
montreur;1;nom
monticule;1;nom
montant;1;adj
montagneux;1;adj
montage;1;nom
monnaie;1;nom
momentanément;1;adv
momentané;1;adj
molybdates;1;nr
mollir;1;ver
molaire;1;nom
moisir;1;ver
moeurs;1;nom
moelleux;1;adj
moelleusement;1;adv
modèle;1;nom
mobile;1;nom
mmessunkasenra;1;nr
misérablement;1;adv
mission;1;nom
misaine;1;nom
miroir;1;nom
miocènes;1;nr
minéralogistes;1;nr
minéralisées;1;nr
minutieux;1;adj
minons;1;nr
ministre;1;nom
millième;1;nom
milliard;1;nom
militaire;1;adj
miette;1;nom
microscopique;1;adj
michel;1;nr
mi_voix;1;nom
mi_flanc;1;nom
meurtrir;1;ver
meuble;1;nom
messin;1;adj
messagerie;1;nom
meridionalis;1;nr
meretarcsilucoysleffensni;1;nr
mercure;1;nom
menu;1;nom
mendiant;1;nom
membrane;1;nom
megatheriums;1;nr
maëlstrom;1;nr
maximum;1;nom
maugréer;1;ver
maudire;1;ver
matériau;1;nom
mathématiquement;1;adv
maternel;1;nom
mater;1;ver
mat;1;nom
mastodonde;1;nr
master;1;nom
massacrant;1;adj
masque;1;nom
maréchal_ferrant;1;nom
marécage;1;nom
marseille;1;nr
mars;1;nom
marne;1;nom
marine;1;adj
marier;1;ver
marchandise;1;nom
marais;1;nom
maquignon;1;nom
manie;1;nom
manche;1;nom
mamelonnées;1;nr
mamelon;1;nom
malice;1;nom
malheureusement;1;adv
malfaisant;1;adj
maladroit;1;adj
maladif;1;adj
majuscule;1;nom
majorité;1;nom
majestueux;1;adj
maisonnette;1;nom
magistrat;1;nom
madrier;1;nom
mademoiselle;1;nom
macérer;1;ver
légumineuses;1;nr
légume;1;nom
légion;1;nom
lèpre;1;nom
là_haut;1;adv
lycoperdon;1;nom
lvertu;1;nr
lutin;1;nom
lustre;1;nom
lulle;1;nr
luisant;1;adj
lugubre;1;adj
luco;1;nr
lucerne;1;nr
louvoyer;1;ver
louer;1;ver
loquace;1;adj
lophodions;1;nr
lophiodon;1;nr
londres;1;nr
logogriphique;1;nr
logiquement;1;adv
loge;1;nom
locomotive;1;nom
localité;1;nom
local;1;adj
littérature;1;nom
littéralement;1;adv
lithoïdes;1;nr
lisible;1;adj
liseré;1;nom
lindness;1;nr
lindenbrock;1;nr
limoneux;1;adj
limaille;1;nom
lilliputien;1;adj
liffender;1;nr
lichen;1;nom
librement;1;adv
lias;1;nr
liane;1;nom
leyde;1;nr
lestement;1;adv
leste;1;adj
lepidodendrons;1;nr
lentille;1;nom
lecture;1;nom
lecteur;1;nom
lavique;1;nr
latéral;1;adj
latomies;1;nr
latinité;1;nom
latiniste;1;nom
las;1;adj
lartet;1;nr
largué;1;adj
larguer;1;ver
laps;1;nom
lanière;1;nom
langage;1;nom
lamelle;1;nom
laitue;1;nom
lacustre;1;adj
lacartniiilujsiratracsarbmutabiledmek;1;nr
laboratoire;1;nom
kt;1;nr
krösolbt;1;nr
krongborg;1;nr
kringla;1;nr
korsör;1;nr
kongens;1;nr
kollafjörd;1;nr
kod;1;nr
kitz;1;nr
kentucky;1;nr
kem;1;nr
kediii;1;nr
jésus;1;nom
juxtaposer;1;ver
juvénil;1;nr
jusque_là;1;adv
jus;1;nom
juridiction;1;nom
jupe;1;nom
jumelé;1;adj
julii;1;nr
jules;1;nom
juif;1;adj
jugement;1;nom
joyeux;1;adj
joyeusement;1;adv
jongler;1;ver
jonction;1;nom
joncher;1;ver
jointure;1;nom
jmnege;1;nr
jeûne;1;nom
jaunâtre;1;adj
jardin;1;nom
japétique;1;nr
james;1;nr
jambon;1;nom
jaillir;1;ver
ix;1;nr
ivresse;1;nom
ivoire;1;nom
iv;1;nr
isolé;1;adj
isoler;1;ver
irrésistiblement;1;adv
irrésistible;1;adj
irréfutable;1;adj
irréfragable;1;adj
irréalisable;1;adj
irruption;1;nom
irlande;1;nr
irisé;1;adj
inévitablement;1;adv
inévitable;1;adj
inébranlable;1;adj
invraisemblable;1;adj
invisible;1;adj
invariable;1;adj
introuvable;1;adj
intriguer;1;ver
intra;1;adv
intolérable;1;adj
intimité;1;nom
intimement;1;adv
intime;1;adj
intervalle;1;nom
interruption;1;nom
interposition;1;nom
interpeller;1;ver
intermédiaire;1;nom
intermittent;1;adj
interjection;1;nom
interdire;1;ver
intention;1;nom
intarissable;1;adj
insurmontable;1;adj
insuffisant;1;adj
insuffisance;1;nom
insuffisamment;1;adv
instruit;1;adj
instruction;1;nom
institut;1;nom
instinctivement;1;adv
instantanément;1;adv
instance;1;nom
inspirer;1;ver
inspiration;1;nom
insoutenable;1;adj
insouciance;1;nom
insomnie;1;nom
insolite;1;adj
insinuer;1;ver
insignifiant;1;adj
insigne;1;nom
insensiblement;1;adv
inscrire;1;ver
insaisissable;1;adj
inné;1;adj
innocence;1;nom
innocemment;1;adv
injure;1;nom
injonction;1;nom
initiale;1;nom
inintelligente;1;nr
ingéniosité;1;nom
ingrat;1;adj
inféodé;1;nr
infructueux;1;adj
information;1;nom
inflexible;1;adj
inflexibilité;1;nom
inflammation;1;nom
infiniment;1;adv
infernal;1;adj
infatigable;1;adj
inexploité;1;adj
inexpliqué;1;adj
inexact;1;adj
inestimable;1;adj
indéfini;1;adj
indécision;1;nom
indéchiffrable;1;adj
industrieux;1;adj
industriel;1;adj
industrie;1;nom
individu;1;nom
indiscrétion;1;nom
index;1;nom
indestructible;1;adj
incomparablement;1;adv
incessant;1;adj
incarnat;1;nom
incalculable;1;adj
inaugurer;1;ver
inattention;1;nom
inattaquable;1;adj
inanimé;1;adj
inaltérable;1;adj
inaccoutumé;1;adj
in_quarto;1;adj
in_folio;1;nom
impétuosité;1;nom
impétueux;1;adj
impétueusement;1;adv
impérial;1;adj
impunément;1;adv
imprégner;1;ver
imprécation;1;nom
imprudence;1;nom
imprudemment;1;adv
improvisé;1;adj
improbable;1;adj
impressionner;1;ver
imposer;1;ver
importuner;1;ver
impondérable;1;nom
impluvium;1;nr
implacable;1;adj
impitoyablement;1;adv
impie;1;adj
imperturbable;1;adj
imperméable;1;nom
impatiemment;1;adv
impasse;1;nom
imparfait;1;adj
immémorial;1;adj
immortel;1;adj
immobilité;1;nom
immanis;1;nr
imbécile;1;nom
imbroglio;1;nom
imaginable;1;adj
image;1;nom
illuminer;1;ver
illisible;1;adj
iii;1;nr
ii;1;nr
igné;1;adj
ignorance;1;nom
if;1;nom
iepeb;1;nr
ieaabs;1;nr
idéal;1;adj
identité;1;nom
ichthyosaures;1;nr
icefdok;1;nr
ice;1;nr
iac;1;nr
hésitation;1;nom
hérésie;1;nom
héréditaire;1;adj
hépathiques;1;nr
hémisphère;1;nom
hécla;1;nr
hébété;1;adj
hébrides;1;nr
hébraïque;1;adj
hypoténuse;1;nom
hyperboréennes;1;nr
hydroscopes;1;nr
hydrogène;1;nom
hyaltalin;1;nr
hvar;1;nr
hurler;1;ver
huppe;1;nom
hunier;1;nom
humecter;1;ver
huitième;1;nom
hraun;1;nr
houlette;1;nom
hospitalièrement;1;nr
hospitalier;1;adj
hortense;1;nr
horriblement;1;adv
horloge;1;nom
horace;1;nr
honorer;1;ver
holme;1;nr
hoffmann;1;nr
hocher;1;ver
hisser;1;ver
hippopotame;1;nom
hexagone;1;nom
hevelius;1;nr
heurt;1;nom
heta;1;nr
herbacées;1;nr
herbacée;1;nr
hennissement;1;nom
henderson;1;nr
helsinborg;1;nr
helgoland;1;nr
helbesmer;1;nr
heims;1;nr
hebdomadaire;1;adj
hausse;1;nom
harnachement;1;nom
hardiment;1;adv
harbourg;1;nr
hanter;1;ver
hanovre;1;nr
handerson;1;nr
hanap;1;nom
hamlet;1;nr
halt;1;nr
haletant;1;adj
haler;1;ver
haleine;1;nom
haillon;1;nom
habit;1;nom
habileté;1;nom
h;1;nr
gîte;1;nom
gésir;1;ver
géométriquement;1;adv
géométrique;1;adj
géologiquement;1;adv
géographe;1;nom
géodésique;1;adj
générateur;1;nom
généralement;1;adv
gymnase;1;nom
guêtre;1;nom
gumlaugsonn;1;nr
guise;1;nom
gufunes;1;nr
guerrier;1;nom
guerre;1;nom
guachara;1;nr
grêlon;1;nom
grêle;1;nom
gréement;1;nom
grèce;1;nr
grossièrement;1;adv
grondement;1;nom
grièvement;1;adv
grisou;1;nom
griotte;1;nom
grincer;1;ver
grimace;1;nom
grille;1;nom
grignoter;1;ver
grenadier;1;nom
gras;1;adj
graphite;1;nom
grandir;1;ver
grandiose;1;adj
grampians;1;nr
grammatical;1;adj
grain;1;nom
graduer;1;ver
graduation;1;nom
gracieux;1;adj
goëlettes;1;nr
goéland;1;nom
gouverner;1;ver
gouttelette;1;nom
goudronner;1;ver
goudron;1;nom
gothique;1;adj
gorge;1;nom
gond;1;nom
gomme;1;nom
glyptodons;1;nr
glorieux;1;adj
glissant;1;adj
glaçon;1;nom
giroflée;1;nom
gilet;1;nom
gigantéo;1;nr
gigantostéologie;1;nr
giganteum;1;nr
gif;1;nr
gibier;1;nom
ghélénites;1;nr
geysir;1;nr
germain;1;nom
genève;1;nr
gentilhomme;1;nom
geler;1;ver
gaîté;1;nom
gaule;1;nom
gastronomique;1;adj
gardien;1;nom
garde_manger;1;nom
garde;1;nom
galérien;1;nom
galop;1;nom
galilée;1;nr
galet;1;nom
gaimard;1;nr
gaillard;1;nom
gaieté;1;nom
gager;1;ver
gade;1;nom
fût;1;nom
förtrafflig;1;nr
förbida;1;nr
fêler;1;ver
féminin;1;adj
félix;1;nr
färja;1;nr
fâcheux;1;adj
fâcher;1;ver
fusibilité;1;nr
furieux;1;adj
funeste;1;adj
fumier;1;nom
fulmicoton;1;nom
fulgurant;1;adj
frêle;1;adj
fréquenter;1;ver
fréquent;1;adj
frénésie;1;nom
frémir;1;ver
frugal;1;adj
froisser;1;ver
frisac;1;nr
friand;1;adj
frelers;1;nr
frein;1;nom
frantu;1;nr
franklin;1;nom
franger;1;ver
fournisseur;1;nom
fourmilier;1;nom
fourier;1;nr
fourcher;1;ver
foule;1;nom
fougue;1;nom
fouetter;1;ver
fosse;1;nom
forüt;1;nr
fortune;1;nom
fortuna;1;nr
fortification;1;nom
formuler;1;ver
formule;1;nom
forgeron;1;nom
fonds;1;nom
fondrière;1;nom
fonderie;1;nom
fondant;1;adj
fonctionner;1;ver
foncer;1;ver
flexible;1;adj
fjordùngr;1;nr
fjord;1;nom
fixement;1;adv
firmament;1;nom
finson;1;nr
finsen;1;nr
fingal;1;nr
fils;1;nom
filleul;1;nom
figuré;1;adj
figuier;1;nom
fibreux;1;adj
fiancer;1;ver
feuilleté;1;nom
fessel;1;nr
ferveur;1;nom
fermé;1;adj
fermentation;1;nom
fermement;1;adv
fendilles;1;nr
fenaison;1;nom
feldspaths;1;nr
feldspath;1;nom
feindre;1;ver
feci;1;nr
faïence;1;nom
façade;1;nom
faveur;1;nom
fauve;1;nom
fausser;1;ver
faucon;1;nom
faucher;1;ver
fataliste;1;adj
farval;1;nr
farine;1;nom
fardeau;1;nom
fantassin;1;nom
fantaisie;1;nom
fangasites;1;nr
familier;1;adj
familiariser;1;ver
falconer;1;nr
factice;1;adj
facilis;1;nr
facial;1;adj
fac_similé;1;nom
fabriquer;1;ver
exécution;1;nom
exécuter;1;ver
exutoire;1;nom
exubérant;1;adj
extumescences;1;nr
extumescence;1;nr
extraction;1;nom
extase;1;nom
expressément;1;adv
exportation;1;nom
explorer;1;ver
exploration;1;nom
expirer;1;ver
expectative;1;nom
expansion;1;nom
exilé;1;nom
exigence;1;nom
exhiber;1;ver
exhaussement;1;nom
excursionniste;1;nom
exclure;1;ver
excessivement;1;adv
excellence;1;nom
européen;1;adj
eucalyptus;1;nom
essentiel;1;adj
essence;1;nom
esreuel;1;nr
esquimau;1;nom
esk;1;nr
escarpe;1;nr
errant;1;adj
environner;1;ver
envelopperont;1;nr
enveloppe;1;nom
envahisseur;1;nom
entêté;1;nom
entretenir;1;ver
entrelacer;1;ver
entrecouper;1;ver
entraînement;1;nom
entraver;1;ver
entr;1;nr
entonnoir;1;nom
entassement;1;nom
enserrer;1;ver
ensanglanté;1;adj
enregistrer;1;ver
enrayer;1;ver
enragé;1;adj
enquérir;1;ver
ennuyer;1;ver
enliser;1;ver
enlever;1;ver
enjamber;1;ver
enivrer;1;ver
engloutir;1;ver
enfourcher;1;ver
enfoncement;1;nom
enfler;1;ver
enflammé;1;adj
enfer;1;nom
enfantin;1;adj
enfance;1;nom
encourager;1;ver
encombrant;1;adj
enclos;1;nom
enchevêtrèrent;1;nr
enchaîner;1;ver
enchanteur;1;nom
enchanter;1;ver
enceinte;1;adj
encastrer;1;ver
encadrer;1;ver
emtnaei;1;nr
emprunter;1;ver
emprisonnement;1;nom
empresser;1;ver
empourprer;1;ver
empocher;1;ver
emploi;1;nom
empiler;1;ver
empanaché;1;adj
empanachaient;1;nr
emmagasina;1;nr
embrun;1;nom
embrassement;1;nom
embarquement;1;nom
elme;1;nr
ellipse;1;nom
elfe;1;nom
elephas;1;nr
ejulberg;1;nr
eigel;1;nr
efter;1;nr
effroyablement;1;adv
effrayes;1;nr
effectivement;1;adv
effarer;1;ver
eeutul;1;nr
ee;1;nr
ednecsedsadne;1;nr
ecosse;1;nr
ecertserrette;1;nr
ebelmen;1;nr
dîme;1;nom
dévoué;1;adj
dévouement;1;nom
dévoniens;1;nr
dévoniennes;1;nr
dévonien;1;nom
dévier;1;ver
déviation;1;nom
déversement;1;nom
dévaler;1;ver
détritus;1;nom
détriment;1;nom
détresse;1;nom
déterrer;1;ver
détendu;1;adj
détaché;1;adj
désormais;1;adv
désorienté;1;adj
désoler;1;ver
désintéresser;1;ver
déshabituer;1;ver
désespéré;1;adj
désastreux;1;adj
désarçonner;1;ver
désappointement;1;nom
désaccord;1;nom
dérider;1;ver
déraisonner;1;ver
dépôt;1;nom
dépêcher;1;ver
dépouille;1;nom
déplorable;1;adj
déplaire;1;ver
déplacé;1;adj
déplacement;1;nom
dépité;1;adj
dépeupler;1;ver
dépendre;1;ver
département;1;nom
dépareillé;1;adj
dénudé;1;adj
dénoter;1;ver
démordre;1;ver
démonstration;1;nom
démon;1;nom
démesurément;1;adv
démesurer;1;ver
démentir;1;ver
délectation;1;nom
délabrer;1;ver
dégât;1;nom
déguster;1;ver
dégradation;1;nom
dégels;1;nr
dégagement;1;nom
déformé;1;adj
définitif;1;adj
défini;1;adj
défiler;1;ver
défier;1;ver
défiance;1;nom
défi;1;nom
déferler;1;ver
défenseur;1;nom
défaillant;1;adj
dédain;1;nom
décroître;1;ver
décourager;1;ver
découplé;1;adj
décontenancé;1;adj
déconcerté;1;adj
décomposition;1;nom
décocher;1;ver
déclivité;1;nom
déclarer;1;ver
décisif;1;adj
déchirure;1;nom
déchiffrer;1;ver
décharner;1;ver
décapiter;1;ver
débrouiller;1;ver
déboucher;1;ver
débordâmes;1;nr
débordons;1;nr
débattre;1;ver
débat;1;nom
débarquer;1;ver
débarquement;1;nom
débarbouiller;1;ver
dumas;1;nr
dt;1;nr
drogue;1;nom
drisse;1;nom
drame;1;nom
dragon;1;nom
dove;1;nr
douzième;1;nom
douzaine;1;nom
douceur;1;nom
doubler;1;ver
doré;1;adj
dompter;1;ver
domination;1;nom
dominant;1;adj
domicile;1;nom
domestique;1;nom
dollar;1;nom
doctrine;1;nom
doctoral;1;adj
docteur;1;nom
dock;1;nom
dix_septième;1;adj
dix_neuvième;1;adj
division;1;nom
dithyrambique;1;adj
distribution;1;nom
distancer;1;ver
disséminer;1;ver
dissolvant;1;nom
dissertation;1;nom
dispos;1;adj
disparu;1;adj
disloqué;1;adj
disloquer;1;ver
disjoint;1;adj
disjoindre;1;ver
discussion;1;nom
discoureur;1;nom
discontinuer;1;ver
direct;1;nom
dipterides;1;nr
dinotherium;1;nr
diluvium;1;nr
diluvien;1;adj
dialectique;1;nom
diagonalement;1;adv
diagonale;1;nom
dextérité;1;nom
dextrine;1;nr
devonshire;1;nr
deville;1;nr
deux_ponts;1;nom
dette;1;nom
dessin;1;nom
desservir;1;ver
desserrer;1;ver
descensus;1;nr
dernièrement;1;adv
denys;1;nr
denteler;1;ver
demi_secondes;1;nr
demi_pleine;1;nr
demi_nus;1;nr
demi_morts;1;nr
demi_mort;1;nom
demeuré;1;nom
delibat;1;nr
dederit;1;nr
dauphiné;1;nr
darder;1;ver
damné;1;adj
dague;1;nom
cérémonial;1;nom
céphalaspides;1;nr
cénotaphe;1;nom
cèdre;1;nom
cyprès;1;nom
custos;1;nr
cumulus;1;nom
cultivé;1;adj
cultiver;1;ver
culinaire;1;adj
cuivre;1;nom
cuisson;1;nom
cuisinier;1;nom
cuisiner;1;ver
cuirassé;1;nom
crûs;1;nr
crête;1;nom
crétacés;1;nr
créateur;1;nom
cruel;1;adj
croître;1;ver
croyant;1;nom
croyable;1;adj
croupe;1;nom
croisé;1;adj
croissance;1;nom
cristallographie;1;nom
cristallisé;1;adj
cristallisations;1;nr
crique;1;nom
crinière;1;nom
crever;1;ver
crasseux;1;adj
crampon;1;nom
cracher;1;ver
coûter;1;ver
coutume;1;nom
cousin;1;nom
courroie;1;nom
courbé;1;adj
courber;1;ver
courbaturé;1;adj
courbature;1;nom
courageux;1;adj
coudée;1;nom
couchant;1;adj
corvette;1;nom
corsage;1;nom
correspondre;1;ver
correspondance;1;nom
corder;1;ver
cordage;1;nom
corbeille;1;nom
convulsionnées;1;nr
convulsionné;1;nr
convive;1;nom
convier;1;ver
convexité;1;nom
convenu;1;adj
convention;1;nom
convenance;1;nom
convenablement;1;adv
convenable;1;adj
contusion;1;nom
contrescarpe;1;nom
contremarche;1;nom
contrefort;1;nom
contrecoup;1;nom
contraster;1;ver
contrairement;1;adv
contraindre;1;ver
contradictoire;1;adj
contracter;1;ver
contorsion;1;nom
continuité;1;nom
continuation;1;nom
continent;1;nom
conter;1;ver
contention;1;nom
contentement;1;nom
content;1;adj
contemplatif;1;nom
contagieux;1;adj
conséquence;1;nom
consécutif;1;adj
construction;1;nom
consterner;1;ver
constater;1;ver
conspirer;1;ver
consommer;1;ver
consommation;1;nom
consolider;1;ver
consoler;1;ver
consolation;1;nom
considération;1;nom
conservateur;1;adj
consentir;1;ver
conseiller;1;ver
conseil;1;nom
consacrer;1;ver
conquérir;1;ver
conique;1;adj
congédier;1;ver
conglomérat;1;nom
confins;1;nom
confiance;1;nom
conduite;1;nom
conducteur;1;nom
concours;1;nom
concevra;1;nr
concentrique;1;adj
comte;1;nom
compétent;1;adj
compromis;1;nom
compromettant;1;adj
comprimer;1;ver
compote;1;nom
composition;1;nom
compléter;1;ver
compliquer;1;ver
complaisant;1;adj
compatriote;1;nom
compact;1;adj
communal;1;adj
commettre;1;ver
commercial;1;adj
commerce;1;nom
commenter;1;ver
comestible;1;adj
come;1;nr
combustible;1;nom
combattant;1;nom
colt;1;nom
colosse;1;nom
colombie;1;nr
collège;1;nom
collet;1;nom
coller;1;ver
clou;1;nom
closs;1;nr
cloporte;1;nom
cloison;1;nom
cliquetis;1;nom
cligner;1;ver
classification;1;nom
classificateurs;1;nr
clairière;1;nom
clairement;1;adv
citadelle;1;nom
ciseau;1;nom
circulaire;1;adj
circonscrire;1;ver
cintre;1;nom
cinquième;1;adj
cinquantaine;1;nom
cingler;1;ver
cimier;1;nom
ciment;1;nom
cimbres;1;nr
cigogne;1;nom
cicatriser;1;ver
chronique;1;adj
christiensen;1;nr
chou;1;nom
chorus;1;nom
choeur;1;nom
chimérique;1;adj
chimère;1;nom
chimiste;1;nom
chersites;1;nr
cheminer;1;ver
chavirer;1;ver
chauve_souris;1;nom
chaussée;1;nom
chausser;1;ver
chaumière;1;nom
chat;1;nom
charrette;1;nom
charpentier;1;nom
charnu;1;adj
charlatan;1;nom
charité;1;nom
chariot;1;nom
chardon;1;nom
chapitre;1;nom
chaos;1;nom
chant;1;nom
changeant;1;adj
chancellerie;1;nom
chameau;1;nom
chalumeau;1;nom
chaise;1;nom
chair;1;nom
chagrin;1;nom
certitude;1;nom
centuplant;1;nr
centuplait;1;nr
centrum;1;nom
centième;1;adj
centigrade;1;nom
centigr;1;nr
cellulaire;1;adj
ccdrmi;1;nr
caverneux;1;adj
cavalerie;1;nom
causerie;1;nom
caucasique;1;adj
catégorie;1;nom
cattégat;1;nr
castor;1;nom
cassât;1;nr
casser;1;ver
casse_noisette;1;nom
cassanion;1;nr
casquette;1;nom
casoar;1;nom
casa;1;nom
cartouchière;1;nom
cartilage;1;nom
cartel;1;nom
carré;1;adj
carpenter;1;nr
caresse;1;nom
carboniser;1;ver
carbonisation;1;nom
carbonifères;1;nr
capricieusement;1;adv
caprice;1;nom
capiteux;1;adj
canard;1;nom
canapé;1;nom
campet;1;nr
camp;1;nom
camarade;1;nom
calomnie;1;nom
calendas;1;nr
cale;1;nom
calabre;1;nr
caillé;1;adj
café;1;nom
cadre;1;nom
büdir;1;nr
béant;1;adj
busk;1;nr
bus;1;nom
bureau;1;nom
bulliard;1;nr
bulle;1;nom
buffle;1;nom
brésil;1;nom
bruyère;1;nom
bruyant;1;adj
bruyamment;1;adv
brusquer;1;ver
brunâtre;1;adj
brune;1;nom
broyer;1;ver
brouter;1;ver
brouillé;1;adj
broncher;1;ver
brochure;1;nom
brochet;1;nom
brièveté;1;nom
brisure;1;nom
brique;1;nom
brimborion;1;nom
brigantine;1;nom
brick;1;nom
brewster;1;nr
breuvage;1;nom
bref;1;adv
bred;1;nr
braver;1;ver
bravement;1;adv
brasse;1;nom
braquer;1;ver
brantär;1;nr
brandir;1;ver
bozerian;1;nr
boutique;1;nom
boursouflure;1;nom
boursoufler;1;ver
bourreau;1;nom
bourgeon;1;nom
bourgeoisement;1;adv
bourg;1;nom
bouquet;1;nom
bouleversement;1;nom
boulet;1;nom
bouillie;1;nom
bouillant;1;adj
botaniste;1;nom
botanique;1;adj
borné;1;adj
borne;1;nom
bordeaux;1;adj
bonsoir;1;nom
bonnet;1;nom
bonbonnière;1;nom
boissonnas;1;nr
boisson;1;nom
bohême;1;nom
bmia;1;nr
blé;1;nom
blumenbach;1;nr
blumembach;1;nr
blottir;1;ver
blasé;1;adj
blanda;1;nr
blancheur;1;nom
blafard;1;adj
bjorn;1;nr
bjelke;1;nr
bizarrerie;1;nom
bitume;1;nom
bijoux;1;nom
bigarré;1;adj
bifurquées;1;nr
bienvenu;1;nom
bienveillant;1;adj
bien_être;1;nom
biblique;1;adj
bibelot;1;nom
biaisant;1;nr
biais;1;nom
besançon;1;nr
belgique;1;nom
bel;1;adj
becquerel;1;nr
battement;1;nom
basaltiques;1;nr
barrière;1;nom
baroque;1;adj
barbe;1;nom
banlieue;1;nom
ballant;1;adj
balise;1;nom
balancer;1;ver
bailliage;1;nom
bahl;1;nr
badstofa;1;nr
bacon;1;nom
babylone;1;nr
aérien;1;adj
avérer;1;ver
avril;1;nom
avoisiner;1;ver
avidement;1;adv
avide;1;adj
avicenne;1;nr
aveuglément;1;adv
avertir;1;ver
averni;1;nr
aventurer;1;ver
avarice;1;nom
avare;1;adj
avantageux;1;adj
avantageusement;1;adv
avantage;1;nom
avant_dernier;1;adj
avancée;1;nom
avancé;1;adj
avance;1;nom
avaler;1;ver
autruche;1;nom
autorité;1;nom
automatiquement;1;adv
auteur;1;nom
australien;1;adj
aurore;1;nom
auprès_des;1;nr
aumône;1;nom
augustus;1;nr
augurer;1;ver
augmentation;1;nom
auditoire;1;nom
audition;1;nom
auditeur;1;nom
audas;1;nr
aubergiste;1;nom
atvaar;1;nr
attitude;1;nom
attinges;1;nr
atterrissage;1;nom
atterrir;1;ver
attentif;1;adj
attente;1;nom
attendrir;1;ver
attelle;1;nom
atrates;1;nr
atra;1;nr
athlétique;1;adj
atelier;1;nom
astérophyllites;1;nr
astérius;1;nr
asterophylles;1;nr
assoupir;1;ver
association;1;nom
assister;1;ver
assimiler;1;ver
assidûment;1;adv
assidu;1;adj
assertion;1;nom
assentiment;1;nom
assemblage;1;nom
assaillir;1;ver
asile;1;nom
asie;1;nr
ascendant;1;adj
artiste;1;nom
artificiel;1;adj
articuler;1;ver
arsenal;1;nom
arrhe;1;nom
armoire;1;nom
argumentation;1;nom
argousin;1;nom
argileux;1;adj
argile;1;nom
argenté;1;adj
ardoisé;1;adj
ardeur;1;nom
archivolte;1;nom
archive;1;nom
architecture;1;nom
archipel;1;nom
arche;1;nom
arc_bouternt;1;nr
arc_bouterient;1;nr
arc_bouter;1;ver
arbrisseau;1;nom
après_deux;1;nr
après_demain;1;adv
apprêter;1;ver
appréhension;1;nom
appréciation;1;nom
appréciable;1;adj
approximatif;1;adj
approvisionner;1;ver
approfondir;1;ver
apporter;1;ver
application;1;nom
applaudissement;1;nom
applaudir;1;ver
appesantirai;1;nr
appellation;1;nom
apparent;1;adj
appareiller;1;ver
anéantissement;1;nom
anxiété;1;nom
antérieur;1;adj
antépénultième;1;nom
anthropologique;1;adj
anoplotherium;1;nr
annoncer;1;ver
annexe;1;nom
animation;1;nom
ange;1;nom
anfractuosité;1;nom
ancre;1;nom
anatomiquement;1;adv
anaplotherium;1;nr
analyste;1;nom
analyser;1;ver
analyse;1;nom
ampoule;1;nom
amphithéâtre;1;nom
amphibie;1;adj
amoureux;1;adj
amour;1;nom
amorcer;1;ver
amorce;1;nom
amoncellement;1;nom
amonceler;1;ver
amoindrir;1;ver
ammoniaque;1;nom
amical;1;adj
amer;1;adj
ambition;1;nom
ambitieux;1;adj
ambassadeur;1;nom
amateur;1;nom
amas;1;nom
amak;1;nr
amadou;1;nom
alésé;1;nr
alvéole;1;nom
altérer;1;ver
altitude;1;nom
alternatif;1;adj
alster;1;nr
allègre;1;adj
alluvionnaires;1;nr
alluvion;1;nom
allongé;1;adj
alligator;1;nom
alimentation;1;nom
aligner;1;ver
algébrique;1;adj
alftanes;1;nr
alfa;1;nom
alexandrie;1;nr
alcool;1;nom
alarmer;1;ver
akt;1;nr
ajuster;1;ver
aimable;1;adj
ailer;1;ver
aiguillonna;1;nr
aigri;1;adj
aigre;1;adj
aigle;1;nom
aiatü;1;nr
agrégations;1;nr
agrégat;1;nom
agréablement;1;adv
agonie;1;nom
agilité;1;nom
agile;1;adj
agglomérat;1;nom
agate;1;nom
africain;1;adj
affreux;1;adj
affolements;1;nr
affluence;1;nom
affleurer;1;ver
affilé;1;adj
affection;1;nom
affaiblissement;1;nom
adversaire;1;nom
advenir;1;ver
adorer;1;ver
adopter;1;ver
adolescent;1;nom
admiratif;1;adj
adhérer;1;ver
ad_infinitum;1;adv
acétate;1;nom
acérinés;1;nr
activement;1;adv
actif;1;adj
acte;1;nom
achevé;1;adj
acheter;1;ver
acharné;1;adj
acharner;1;ver
acharnement;1;nom
accélérer;1;ver
accumulation;1;nom
accréditer;1;ver
accore;1;nom
accomplissement;1;nom
accompli;1;adj
accidentel;1;adj
accessoire;1;nom
acception;1;nom
accentuer;1;ver
accalmie;1;nom
abîmer;1;ver
abus;1;nom
abstinence;1;nom
absenter;1;ver
abrutissement;1;nom
abrupt;1;adj
aborder;1;ver
abordage;1;nom
abord;1;nom
abonder;1;ver
abondance;1;nom
abondamment;1;adv
abnégation;1;nom
ablution;1;nom
abdiquer;1;ver
abbeville;1;nr
abandon;1;nom
a_priori;1;adv
1er;1;nr