robur;246;nr
uncle;230;nr
prudent;227;adj
phil;189;nr
evans;188;nr
heure;144;nom
aller;119;ver
aéronef;118;nom
ingénieur;112;nom
voir;109;ver
air;102;nom
hélice;99;nom
venir;97;ver
frycollin;96;nr
répondre;94;ver
mer;87;nom
appareil;87;nom
jour;86;nom
prendre;84;ver
_albatros;83;nr
grand;81;adj
mètre;79;nom
weldon;77;nr
institute;75;nr
vitesse;74;nom
milieu;74;nom
mettre;70;ver
passer;68;ver
terre;66;nom
île;63;nom
tom;62;nom
coup;62;nom
nuit;61;nom
temps;60;nom
moment;60;nom
collègue;60;nom
président;59;nom
donner;59;ver
pied;57;nom
bord;54;nom
homme;53;nom
turner;52;nr
reprendre;52;ver
maître;51;nom
haut;51;adj
eau;49;nom
sembler;48;ver
machine;48;nom
effet;48;nom
premier;47;adj
monde;47;nom
trouver;46;ver
plate_forme;46;nom
ville;45;nom
vent;45;nom
laisser;45;ver
fois;45;nom
cas;45;nom
rester;44;ver
tenir;43;ver
aérien;43;adj
demander;42;ver
mouvement;41;nom
cabine;41;nom
tomber;40;ver
propulseur;40;nom
doute;40;nom
commencer;40;ver
produire;39;ver
kilomètre;39;nom
surface;38;nom
rendre;38;ver
nouveau;38;adj
nord;38;nom
travers;37;nom
secrétaire;37;nom
lancer;37;ver
ballon;37;nom
navire;36;nom
jeter;36;ver
hauteur;36;nom
attendre;36;ver
_go;36;nr
sol;35;nom
porter;35;ver
partie;35;nom
main;35;nom
long;35;adj
briser;35;ver
atmosphère;35;nom
philadelphie;34;nr
petit;34;adj
instant;34;nom
arriver;34;ver
nom;33;nom
emporter;33;ver
direction;33;nom
dernier;33;adj
amérique;33;nom
écrier;32;ver
parler;32;ver
montrer;32;ver
espace;32;nom
atteindre;32;ver
sud;31;nom
soleil;31;nom
reconnaître;31;ver
pacifique;31;adj
seulement;30;adv
région;30;nom
roufle;30;nr
quitter;30;ver
oiseau;30;nom
immense;30;adj
dépasser;30;ver
devenir;30;ver
américain;30;nom
question;29;nom
ciel;29;nom
élever;28;ver
suivre;28;ver
personnel;28;adj
monter;28;ver
matin;28;nom
horizon;28;nom
courant;28;nom
électrique;27;adj
travail;27;nom
sentir;27;ver
moyen;27;adj
marcher;27;ver
impossible;27;adj
droit;27;nom
chercher;27;ver
centaine;27;nom
échapper;26;ver
volant;26;adj
vaste;26;adj
tête;26;nom
territoire;26;nom
raison;26;nom
permettre;26;ver
perdre;26;ver
franchir;26;ver
forme;26;nom
etats;26;nr
entendre;26;ver
club;26;nom
chute;26;nom
calme;26;nom
apparaître;26;ver
apercevoir;26;ver
zone;25;nom
sortir;25;ver
phénomène;25;nom
paraître;25;ver
oeil;25;nom
nègre;25;nom
head_;25;nr
garder;25;ver
feu;25;nom
arrêter;25;ver
aile;25;nom
énorme;24;adj
unir;24;ver
suffire;24;ver
seconde;24;nom
route;24;nom
puissance;24;nom
place;24;nom
ouest;24;nom
membre;24;nom
extrême;24;adj
cité;24;nom
vapeur;23;nom
traverser;23;ver
revenir;23;ver
pousser;23;ver
pays;23;nom
part;23;nom
occuper;23;ver
nuage;23;nom
montagne;23;nom
engin;23;nom
crier;23;ver
cri;23;nom
couper;23;ver
au_dessous;23;adv
partir;22;ver
pareil;22;adj
ouvrir;22;ver
gens;22;nom
comprendre;22;ver
voix;21;nom
sorte;21;nom
soir;21;nom
porte;21;nom
océan;21;nom
mot;21;nom
lac;21;nom
juillet;21;nom
indiquer;21;ver
convenir;21;ver
connaître;21;ver
chose;21;nom
vol;20;nom
vie;20;nom
séance;20;nom
système;20;nom
seul;20;adj
rapidité;20;nom
prisonnier;20;nom
observer;20;ver
observatoire;20;nom
juin;20;nom
europe;20;nr
entraîner;20;ver
dominer;20;ver
disposer;20;ver
disparaître;20;ver
diriger;20;ver
descendre;20;ver
câble;20;nom
capitale;20;nom
agir;20;ver
état;19;nom
valet;19;nom
suspensives;19;nr
rentrer;19;ver
remonter;19;ver
possible;19;adj
minute;19;nom
lourd;19;adj
locomotion;19;nom
fer;19;nom
degré;19;nom
craindre;19;ver
corde;19;nom
contremaître;19;nom
clairière;19;nom
citoyen;19;nom
austral;19;adj
approcher;19;ver
terrestre;18;adj
somme;18;nom
retrouver;18;ver
penser;18;ver
ouragan;18;nom
occasion;18;nom
mois;18;nom
léger;18;adj
ligne;18;nom
large;18;adj
lame;18;nom
français;18;adj
finir;18;ver
expérience;18;nom
côté;18;nom
bruit;18;nom
blanc;18;adj
bientôt;18;adv
aérostat;18;nom
aussitôt;18;adv
altitude;18;nom
voyage;17;nom
violence;17;nom
trompette;17;nom
terminer;17;ver
tapage;17;nom
songer;17;ver
rive;17;nom
pôle;17;nom
prêt;17;adj
peine;17;nom
nature;17;nom
mécanique;17;nom
modérer;17;ver
maintenir;17;ver
lever;17;ver
journée;17;nom
globe;17;nom
glisser;17;ver
former;17;ver
continuer;17;ver
chatam;17;nr
anglais;17;adj
tempête;16;nom
tabatière;16;nom
sud_ouest;16;nom
simple;16;adj
secret;16;nom
rayon;16;nom
précipiter;16;ver
parc;16;nom
nouvelle;16;adj
nommer;16;ver
millier;16;nom
manière;16;nom
limite;16;nom
honneur;16;nom
fuir;16;ver
fugitif;16;nom
fleuve;16;nom
côte;16;nom
coucher;16;ver
couche;16;nom
cap;16;nom
beau;16;adj
arbre;16;nom
ancien;16;adj
accord;16;nom
abaisser;16;ver
voler;15;ver
vivre;15;ver
regarder;15;ver
regard;15;nom
rapidement;15;adv
rapide;15;adj
pointe;15;nom
parvenir;15;ver
obtenir;15;ver
moyenne;15;nom
mont;15;nom
manquer;15;ver
lieue;15;nom
lieu;15;nom
inventeur;15;nom
françois;15;nr
essayer;15;ver
esprit;15;nom
corps;15;nom
condition;15;nom
compter;15;ver
compagnon;15;nom
ballonistes;15;nr
baleine;15;nom
abandonner;15;ver
vallée;14;nom
traversée;14;nom
tourner;14;ver
tour;14;nom
situation;14;nom
remettre;14;ver
rapprocher;14;ver
promener;14;ver
pont;14;nom
observation;14;nom
mesure;14;nom
manoeuvre;14;nom
fond;14;nom
fin;14;nom
façon;14;nom
extraordinaire;14;adj
enlever;14;ver
désert;14;adj
continent;14;nom
atlantique;14;adj
albatros;14;nom
épouvante;13;nom
époque;13;nom
élevé;13;adj
éclater;13;ver
vrai;13;adj
tendre;13;ver
tarder;13;ver
supérieur;13;adj
suivant;13;adj
suite;13;nom
résultat;13;nom
rue;13;nom
rencontrer;13;ver
relever;13;ver
recevoir;13;ver
public;13;adj
près_de;13;adv
projet;13;nom
plonger;13;ver
paroi;13;nom
pari;13;nom
noir;13;adj
méridien;13;nom
mécanicien;13;nom
mort;13;nom
master;13;nom
maison;13;nom
latitude;13;nom
habitant;13;nom
gaz;13;nom
foule;13;nom
explosion;13;nom
envoyer;13;ver
ensemble;13;adv
courir;13;ver
conquérant;13;nom
cartouche;13;nom
besoin;13;nom
baromètre;13;nom
ascensionnel;13;adj
armée;13;nom
animal;13;adj
affaire;13;nom
train;12;nom
timonier;12;nom
singulier;12;adj
sauter;12;ver
regagner;12;ver
pêche;12;nom
prodigieux;12;adj
posséder;12;ver
plutôt;12;adv
planer;12;ver
pile;12;nom
personnage;12;nom
passage;12;nom
parallèle;12;adj
palais;12;nom
oublier;12;ver
ordre;12;nom
offrir;12;ver
miss;12;nom
lutter;12;ver
lueur;12;nom
inexplicable;12;adj
indigène;12;nom
gigantesque;12;adj
face;12;nom
endroit;12;nom
embarcation;12;nom
effroyable;12;adj
dahomey;12;nr
coq;12;nom
construire;12;ver
considérable;12;adj
centre;12;nom
battre;12;ver
aéronaute;12;nom
aviation;12;nom
appeler;12;ver
étoile;11;nom
vérité;11;nom
suspension;11;nom
silence;11;nom
septentrional;11;adj
salle;11;nom
saisir;11;ver
saint;11;nom
résoudre;11;ver
répéter;11;ver
roufles;11;nr
roi;11;nom
puissant;11;adj
précisément;11;adv
prouver;11;ver
pratique;11;nom
park;11;nr
mériter;11;ver
moteur;11;nom
millimètre;11;nom
midi;11;nom
jem;11;nr
imprimer;11;ver
importer;11;ver
important;11;adj
fusil;11;nom
frontière;11;nom
fonctionner;11;ver
fanal;11;nom
fairmont;11;nr
evidemment;11;nr
entourer;11;ver
décider;11;ver
droite;11;nom
disposition;11;nom
diminuer;11;ver
cyclone;11;nom
compte;11;nom
colère;11;nom
cip;11;nr
casser;11;ver
canon;11;nom
cacher;11;ver
branche;11;nom
bout;11;nom
bois;11;nom
aérostats;11;nr
avancer;11;ver
au_delà;11;adv
attacher;11;ver
achever;11;ver
étendre;10;ver
établir;10;ver
épaule;10;nom
éloigner;10;ver
vieux;10;adj
valoir;10;ver
tromper;10;ver
tirer;10;ver
soutenir;10;ver
signe;10;nom
semblable;10;adj
réponse;10;nom
royaume;10;nom
river;10;ver
retenir;10;ver
rambarde;10;nom
quart;10;nom
poste;10;nom
plan;10;nom
plaisir;10;nom
oeuvre;10;nom
obliger;10;ver
nécessaire;10;adj
nombreux;10;adj
niveau;10;nom
mèche;10;nom
meilleur;10;adj
masse;10;nom
lune;10;nom
littoral;10;nom
liquide;10;nom
inconnu;10;adj
imaginer;10;ver
humain;10;adj
head;10;nr
fuite;10;nom
froid;10;adj
frapper;10;ver
fixer;10;ver
exécuter;10;ver
extrémité;10;nom
expliquer;10;ver
excellent;10;adj
engager;10;ver
déplacer;10;ver
déplacement;10;nom
document;10;nom
couvrir;10;ver
constater;10;ver
chance;10;nom
certainement;10;adv
cercle;10;nom
caspienne;10;nr
boréal;10;adj
bas;10;adj
assurer;10;ver
asie;10;nr
antarctique;10;adj
ancre;10;nom
amener;10;ver
ajouter;10;ver
afrique;10;nr
admettre;10;ver
accumulateur;10;nom
york;9;nom
vraiment;9;adv
voile;9;nom
vide;9;adj
veille;9;nom
vain;9;adj
tracer;9;ver
tombouctou;9;nr
tenter;9;ver
tantôt;9;adv
suspendre;9;ver
spectacle;9;nom
signaler;9;ver
servir;9;ver
service;9;nom
schuylkill;9;nr
répliquer;9;ver
réparer;9;ver
réparation;9;nom
réduire;9;ver
réalité;9;nom
roche;9;nom
retour;9;nom
reposer;9;ver
reparaître;9;ver
propos;9;nom
profond;9;adj
profiter;9;ver
prison;9;nom
pression;9;nom
pièce;9;nom
parole;9;nom
origine;9;nom
ordinaire;9;adj
ombre;9;nom
obliquement;9;adv
note;9;nom
new;9;adj
munir;9;ver
modifier;9;ver
minuit;9;nom
kilogramme;9;nom
inutile;9;adj
interrompre;9;ver
intention;9;nom
inférieur;9;adj
hésiter;9;ver
hémisphère;9;nom
hurrah;9;nom
gêner;9;ver
général;9;adj
gros;9;adj
glace;9;nom
gagner;9;ver
forêt;9;nom
formidable;9;adj
forbes;9;nr
fonder;9;ver
fils;9;nom
fameux;9;adj
entrevoir;9;ver
enfuir;9;ver
détruire;9;ver
durer;9;ver
disparition;9;nom
difficile;9;adj
cube;9;nom
contraire;9;nom
contenter;9;ver
colline;9;nom
chemin;9;nom
chef;9;nom
chaîne;9;nom
cesser;9;ver
cellule;9;nom
carré;9;adj
capitaine;9;nom
bras;9;nom
bassin;9;nom
axe;9;nom
atterrir;9;ver
aspect;9;nom
appartenir;9;ver
apparition;9;nom
angle;9;nom
aide;9;nom
admirable;9;adj
absolument;9;adv
éviter;8;ver
étrange;8;adj
équipage;8;nom
éprouver;8;ver
échanger;8;ver
zéro;8;nom
william;8;nom
verticale;8;nom
venger;8;ver
troubler;8;ver
trace;8;nom
temple;8;nom
surprendre;8;ver
superbe;8;adj
solide;8;adj
semaine;8;nom
second;8;adj
sauver;8;ver
résistance;8;nom
rotation;8;nom
rompre;8;ver
riche;8;adj
repartir;8;ver
remorque;8;nom
refuser;8;ver
refaire;8;ver
redresser;8;ver
recherche;8;nom
quartier;8;nom
problème;8;nom
poudre;8;nom
position;8;nom
portion;8;nom
polaire;8;adj
plaine;8;nom
placer;8;ver
pic;8;nom
pavillon;8;nom
parfaire;8;ver
orage;8;nom
odeur;8;nom
obscurité;8;nom
objet;8;nom
naturel;8;adj
monstre;8;nom
menacer;8;ver
matière;8;nom
lutte;8;nom
lumière;8;nom
libre;8;adj
jouer;8;ver
jeu;8;nom
intérieur;8;adj
idée;8;nom
hôte;8;nom
horizontale;8;nom
honorable;8;adj
herbe;8;nom
hasard;8;nom
guère;8;adv
groupe;8;nom
geste;8;nom
filer;8;ver
favorable;8;adj
existence;8;nom
espérer;8;ver
entier;8;adj
enfermer;8;ver
développer;8;ver
départ;8;nom
dégager;8;ver
douteux;8;adj
douter;8;ver
domaine;8;nom
dollar;8;nom
discussion;8;nom
destiner;8;ver
demeurer;8;ver
danger;8;nom
célèbre;8;adj
curieux;8;adj
conquête;8;nom
clarté;8;nom
circonstance;8;nom
chinois;8;nom
changer;8;ver
bâtiment;8;nom
bureau;8;nom
brûler;8;ver
bowie;8;nr
bouche;8;nom
bolide;8;nom
bleu;8;adj
besogne;8;nom
balle;8;nom
audacieux;8;adj
année;8;nom
action;8;nom
abîme;8;nom
évasion;7;nom
épreuve;7;nom
élément;7;nom
yankee;7;nom
véritable;7;adj
voyageur;7;nom
violent;7;adj
village;7;nom
verticalement;7;adv
vengeance;7;nom
union;7;nom
trombe;7;nom
tourbillon;7;nom
toit;7;nom
taille;7;nom
sujet;7;nom
spécial;7;adj
sommet;7;nom
solidité;7;nom
situer;7;ver
sifflet;7;nom
savant;7;nom
sang_froid;7;nom
san_francisco;7;nom
réserver;7;ver
risquer;7;ver
représaille;7;nom
renard;7;nom
remarquer;7;ver
redescendre;7;ver
pur;7;adj
présenter;7;ver
prononcer;7;ver
procéder;7;ver
port;7;nom
population;7;nom
poisson;7;nom
poids;7;nom
poche;7;nom
pluie;7;nom
plaire;7;ver
passager;7;nom
partisan;7;nom
oser;7;ver
nord_ouest;7;nom
nombre;7;nom
naufragé;7;nom
métallique;7;adj
mesurer;7;ver
merveilleux;7;adj
menace;7;nom
mauvais;7;adj
magnifique;7;adj
liberté;7;nom
knife;7;nr
journal;7;nom
inde;7;nom
incliner;7;ver
hélicoptère;7;nom
horn;7;nr
himalaya;7;nom
heureux;7;adj
heureusement;7;adv
golfe;7;nom
gauche;7;nom
frère;7;nom
france;7;nr
faim;7;nom
fabriquer;7;ver
etat;7;nr
etait;7;nr
dresser;7;ver
dormir;7;ver
dispute;7;nom
dimension;7;nom
différent;7;adj
céleste;7;adj
couleur;7;nom
coque;7;nom
convaincre;7;ver
construction;7;nom
chaud;7;adj
champ;7;nom
cause;7;nom
calculer;7;ver
bâillon;7;nom
bruyant;7;adj
brume;7;nom
bombe;7;nom
bande;7;nom
avenir;7;nom
avarie;7;nom
assemblée;7;nom
ascension;7;nom
approvisionnement;7;nom
ami;7;nom
aiguille;7;nom
aider;7;ver
actionner;7;ver
acte;7;nom
accroître;7;ver
accomplir;7;ver
accident;7;nom
évidemment;6;adv
étranger;6;nom
éteindre;6;ver
épouvantable;6;adj
élancer;6;ver
écouter;6;ver
éclatant;6;adj
voie;6;nom
visiter;6;ver
vif;6;adj
vert;6;adj
verre;6;nom
usine;6;nom
trajectoire;6;nom
théorie;6;nom
terrain;6;nom
tentative;6;nom
température;6;nom
séparer;6;ver
substance;6;nom
stationnaire;6;adj
sombre;6;adj
soirée;6;nom
simplement;6;adv
sensiblement;6;adv
semer;6;ver
sahara;6;nr
résister;6;ver
réfléchir;6;ver
russe;6;adj
roue;6;nom
retirer;6;ver
reprise;6;nom
repousser;6;ver
renoncer;6;ver
relativement;6;adv
redevenir;6;ver
rassurant;6;adj
ramener;6;ver
railway;6;nom
quantité;6;nom
périr;6;ver
présence;6;nom
préparer;6;ver
provoquer;6;ver
protester;6;ver
propulsives;6;nr
propre;6;adj
propager;6;ver
projeter;6;ver
progrès;6;nom
profondeur;6;nom
presser;6;ver
prairie;6;nom
poussière;6;nom
police;6;nom
poitrine;6;nom
physique;6;adj
peur;6;nom
peuple;6;nom
pennsylvanie;6;nr
particulier;6;adj
partager;6;ver
papier;6;nom
opération;6;nom
occidental;6;adj
observateur;6;nom
nord_est;6;nom
niagara;6;nr
mêler;6;ver
météore;6;nom
méridional;6;adj
mât;6;nom
myriade;6;nom
muet;6;adj
meurtrier;6;nom
maximum;6;nom
mat;6;nom
manoeuvrer;6;ver
manger;6;ver
machinerie;6;nom
longueur;6;nom
locomotive;6;nom
livrer;6;ver
ligue;6;nom
krebs;6;nr
juger;6;ver
jaune;6;adj
invention;6;nom
interminable;6;adj
instrument;6;nom
ignorer;6;ver
hydaspe;6;nr
habitude;6;nom
habiter;6;ver
grave;6;adj
gouvernail;6;nom
fry;6;nr
fait;6;nom
faillir;6;ver
facile;6;adj
exécution;6;nom
exercer;6;ver
employé;6;nom
emplir;6;ver
détroit;6;nom
déjeuner;6;nom
découvrir;6;ver
découverte;6;nom
dynamite;6;nom
disputer;6;ver
discuter;6;ver
dirigeable;6;nom
directeur;6;nom
digne;6;adj
créer;6;ver
croiser;6;ver
court;6;adj
contrée;6;nom
contenir;6;ver
considérer;6;ver
conduire;6;ver
communiquer;6;ver
colonne;6;nom
cheval;6;nom
charger;6;ver
cerf_volant;6;nom
causer;6;ver
capable;6;adj
camarade;6;nom
calmer;6;ver
bâtir;6;ver
bond;6;nom
aventure;6;nom
avantage;6;nom
augmenter;6;ver
audace;6;nom
attirer;6;ver
assurément;6;adv
arracher;6;ver
appui;6;nom
apprendre;6;ver
annoncer;6;ver
allonger;6;ver
adresser;6;ver
accompagner;6;ver
absolu;6;adj
épave;5;nom
émotion;5;nom
également;5;adv
écueil;5;nom
écouler;5;ver
éclat;5;nom
écart;5;nom
âme;5;nom
âgé;5;adj
walnut;5;nr
vivant;5;adj
utiliser;5;ver
usage;5;nom
unique;5;adj
tumulte;5;nom
truk;5;nr
tranquillement;5;adv
traiter;5;ver
tort;5;nom
terrible;5;adj
tendu;5;adj
taire;5;ver
sérieux;5;adj
symptôme;5;nom
surveiller;5;ver
surprise;5;nom
sud_est;5;nom
station;5;nom
souverain;5;nom
soute;5;nom
soulever;5;ver
souffler;5;ver
sommeil;5;nom
solidement;5;adv
société;5;nom
septembre;5;nom
sensible;5;adj
secours;5;nom
saluer;5;ver
sage;5;adj
sacrifice;5;nom
sable;5;nom
rome;5;nr
rivière;5;nom
rival;5;nom
risque;5;nom
rire;5;ver
retomber;5;ver
ressembler;5;ver
rayonner;5;ver
rare;5;adj
rapporter;5;ver
ramper;5;ver
ralentir;5;ver
père;5;nom
prétendre;5;ver
provision;5;nom
province;5;nom
propulsion;5;nom
prolonger;5;ver
projection;5;nom
projectile;5;nom
proie;5;nom
probablement;5;adv
privé;5;adj
presqu_île;5;nom
poser;5;ver
portée;5;nom
planter;5;ver
plain;5;nom
permanent;5;adj
perfectionner;5;ver
pensée;5;nom
particulièrement;5;adv
parisien;5;adj
parcourir;5;ver
parage;5;nom
omaha;5;nr
nuée;5;nom
nacelle;5;nom
métal;5;nom
muraille;5;nom
munition;5;nom
mouvoir;5;ver
morceau;5;nom
monument;5;nom
montréal;5;nr
moitié;5;nom
mobile;5;nom
milnor;5;nr
merveille;5;nom
matinée;5;nom
mars;5;nom
marin;5;nom
manifester;5;ver
malheureux;5;adj
magnétique;5;adj
lumineux;5;adj
loi;5;nom
justifier;5;ver
jardin;5;nom
inverse;5;nom
intérêt;5;nom
introuvable;5;adj
inquiéter;5;ver
infini;5;adj
indien;5;nom
incomparable;5;adj
impossibilité;5;nom
immobile;5;adj
illusion;5;nom
hypothèse;5;nom
humanité;5;nom
hiver;5;nom
histoire;5;nom
heurter;5;ver
grandir;5;ver
genre;5;nom
gascon;5;adj
fyn;5;nr
frémissement;5;nom
franc;5;nom
frais;5;adj
forcer;5;ver
fille;5;nom
feuille;5;nom
fermé;5;adj
fantaisie;5;nom
fanfare;5;nom
explosif;5;nom
explication;5;nom
exiger;5;ver
excessif;5;adj
estimer;5;ver
enragé;5;nom
ennemi;5;nom
enfant;5;nom
empêcher;5;ver
emparer;5;ver
dôme;5;nom
dérouler;5;ver
dérober;5;ver
déposer;5;ver
dépit;5;nom
délivrer;5;ver
décidément;5;adv
débris;5;nom
douzaine;5;nom
double;5;adj
dos;5;nom
domicile;5;nom
doll;5;nr
distancer;5;ver
descente;5;nom
cétacé;5;nom
cours;5;nom
constituer;5;ver
constant;5;adj
confondre;5;ver
complet;5;adj
communication;5;nom
col;5;nom
coffre;5;nom
circonférence;5;nom
cime;5;nom
chine;5;nom
cher;5;adj
chasse;5;nom
chant;5;nom
centrale;5;nom
cathédrale;5;nom
catastrophe;5;nom
carte;5;nom
canot;5;nom
brouillard;5;nom
bateau;5;nom
barrière;5;nom
balancer;5;ver
baisser;5;ver
baigner;5;ver
avril;5;nom
avis;5;nom
autrement;5;adv
aurore;5;nom
attaquer;5;ver
atmosphérique;5;adj
astronome;5;nom
assister;5;ver
arrivée;5;nom
archipel;5;nom
appuyer;5;ver
anéantir;5;ver
antérieur;5;adj
aimer;5;ver
affecter;5;ver
acide;5;nom
étonner;4;ver
étendue;4;nom
épais;4;adj
émerger;4;ver
élévation;4;nom
église;4;nom
égal;4;adj
éclairé;4;adj
éclairer;4;ver
écarter;4;ver
çà;4;adv
west;4;nr
voyager;4;ver
volute;4;nom
volcan;4;nom
vitre;4;nom
virer;4;ver
vigoureux;4;adj
vertical;4;adj
tôt;4;adv
typhon;4;nom
trou;4;nom
troisième;4;adj
travailler;4;ver
transporter;4;ver
trancher;4;ver
tissandier;4;nr
thermomètre;4;nom
tertre;4;nom
terrasse;4;nom
tension;4;nom
teinte;4;nom
sûreté;4;nom
supposer;4;ver
supporter;4;ver
superficie;4;nom
succéder;4;ver
street;4;nr
soupir;4;nom
souffle;4;nom
soudan;4;nr
sonore;4;adj
solution;4;nom
soin;4;nom
sillonner;4;ver
science;4;nom
sauvage;4;adj
saint_pierre;4;nom
sacrifier;4;ver
réussir;4;ver
réserve;4;nom
russie;4;nr
ruisseau;4;nom
royal;4;adj
revêtir;4;ver
revolver;4;nom
revoir;4;ver
retraite;4;nom
retourner;4;ver
respecter;4;ver
renfermer;4;ver
remplir;4;ver
remontant;4;nom
rejeter;4;ver
regrettable;4;adj
reflet;4;nom
refermer;4;ver
redoutable;4;adj
recul;4;nom
recommencer;4;ver
rattacher;4;ver
ramasser;4;ver
rail;4;nom
queue;4;nom
pétersbourg;4;nr
prévoir;4;ver
préoccuper;4;ver
précaution;4;nom
promenade;4;nom
probable;4;adj
principal;4;adj
pourvoir;4;ver
poster;4;ver
poltron;4;nom
politique;4;nom
pointer;4;ver
plongeon;4;nom
plancher;4;nom
plaindre;4;ver
phrase;4;nom
peser;4;ver
perpétuel;4;adj
parachute;4;nom
palpitant;4;adj
palmier;4;nom
pain;4;nom
opposé;4;nom
opposer;4;ver
opinion;4;nom
office;4;nom
oeuf;4;nom
oblique;4;adj
oasis;4;nom
noyer;4;ver
nourrir;4;ver
neige;4;nom
nadar;4;nr
méditerrané;4;adj
mystérieux;4;adj
mystère;4;nom
murmurer;4;ver
mourir;4;ver
mormon;4;adj
montant;4;nom
misérable;4;adj
ministre;4;nom
michigan;4;nr
là_dessus;4;adv
lisière;4;nom
lire;4;ver
lentement;4;adv
lacs;4;nom
jusqu_aux;4;nr
jambe;4;nom
intervenir;4;ver
intensité;4;nom
insulter;4;ver
inquiétude;4;nom
innombrable;4;adj
indoustan;4;nr
indice;4;nom
indication;4;nom
incrédule;4;adj
incruster;4;ver
incognito;4;adv
incident;4;nom
inaccessible;4;adj
impérial;4;adj
imprégner;4;ver
immédiatement;4;adv
imiter;4;ver
hurlement;4;nom
hublot;4;nom
hips;4;nr
habituel;4;adj
géant;4;adj
guerre;4;nom
gramme;4;nom
gouvernement;4;nom
giratoire;4;adj
giffard;4;nr
fête;4;nom
fureur;4;nom
front;4;nom
fouiller;4;ver
fonctionnement;4;nom
fonction;4;nom
fluide;4;adj
flanc;4;nom
figurer;4;ver
fermer;4;ver
faute;4;nom
fatiguer;4;ver
exprès;4;adj
express;4;adj
examiner;4;ver
exactitude;4;nom
estomac;4;nom
espèce;4;nom
espoir;4;nom
erié;4;nr
envoler;4;ver
entrée;4;nom
entretien;4;nom
entrer;4;ver
entamer;4;ver
enlèvement;4;nom
enfoncer;4;ver
emploi;4;nom
empire;4;nom
embarquer;4;ver
déterminer;4;ver
dépêcher;4;ver
démontrer;4;ver
durée;4;nom
dur;4;adj
doux;4;adj
doigt;4;nom
dizaine;4;nom
distance;4;nom
dissiper;4;ver
disque;4;nom
directement;4;adv
dieu;4;nom
dessiner;4;ver
crête;4;nom
croix;4;nom
cristal;4;nom
crainte;4;nom
coûter;4;ver
cou;4;nom
coquin;4;nom
conversation;4;nom
convenable;4;adj
condamner;4;ver
compartiment;4;nom
comparer;4;ver
compagnie;4;nom
commun;4;adj
colonie;4;nom
coin;4;nom
circulaire;4;adj
cinquantaine;4;nom
chiffrer;4;ver
chien;4;nom
chaleur;4;nom
cesse;4;nom
cerveau;4;nom
central;4;adj
centième;4;nom
capsule;4;nom
caoutchouc;4;nom
canal;4;nom
canada;4;nom
campagne;4;nom
caisse;4;nom
cachemir;4;nr
but;4;nom
boussole;4;nom
boston;4;nom
blesser;4;ver
blanchir;4;ver
base;4;nom
bandeau;4;nom
banc;4;nom
azur;4;nom
avancé;4;adj
auteur;4;nom
au_dehors;4;adv
attentat;4;nom
apporter;4;ver
appliquer;4;ver
amazone;4;nom
allure;4;nom
allumer;4;ver
aigu;4;adj
admirer;4;ver
activité;4;nom
accueillir;4;ver
accrocher;4;ver
abri;4;nom
aboutir;4;ver
îlot;3;nom
évolution;3;nom
évoluer;3;ver
évident;3;adj
évidence;3;nom
évaluer;3;ver
étrangler;3;ver
étonnant;3;adj
éternel;3;adj
étamine;3;nom
établissement;3;nom
équilibre;3;nom
épuiser;3;ver
épargner;3;ver
éléphant;3;nom
élève;3;nom
électricité;3;nom
élection;3;nom
égard;3;nom
édifice;3;nom
écraser;3;ver
zénith;3;nom
wise;3;nr
watch;3;nr
wagon;3;nom
volga;3;nr
voleter;3;ver
volatile;3;nom
vivement;3;adv
vision;3;nom
visiblement;3;adv
victime;3;nom
viande;3;nom
verser;3;ver
verdoyant;3;adj
variété;3;nom
vanter;3;ver
vaisseau;3;nom
vague;3;nom
utilisation;3;nom
utah;3;nr
type;3;nom
trésorier;3;nom
troupeau;3;nom
tropique;3;nom
tribune;3;nom
translation;3;nom
transatlantique;3;nom
tournant;3;adj
torrent;3;nom
toile;3;nom
tibet;3;nr
thé;3;nom
terreur;3;nom
tatin;3;nom
tableau;3;nom
sûr;3;adj
sécurité;3;nom
suspensif;3;adj
susceptible;3;adj
surplus;3;nom
supportable;3;adj
suisse;3;adj
suffisant;3;adj
sucre;3;nom
succès;3;nom
sublime;3;adj
stupéfaction;3;nom
steamer;3;nom
sourd;3;adj
soupçonner;3;ver
souffrir;3;ver
sonner;3;ver
sombrer;3;ver
solaire;3;adj
siècle;3;nom
singulièrement;3;adv
simoun;3;nom
signal;3;nom
serré;3;adj
serrer;3;ver
senteur;3;nom
sel;3;nom
secteur;3;nom
secrètement;3;adv
secourir;3;ver
schultze;3;nr
satisfaire;3;ver
santé;3;nom
réveiller;3;ver
réseau;3;nom
république;3;nom
réflecteur;3;nom
récrimination;3;nom
récemment;3;adv
règle;3;nom
rule;3;nr
rouge;3;adj
rocheux;3;adj
rivage;3;nom
riposter;3;ver
rideau;3;nom
retentir;3;ver
retard;3;nom
resserrer;3;ver
ressac;3;nom
respirer;3;ver
repère;3;nom
rendement;3;nom
remorquer;3;ver
remarquable;3;adj
relâcher;3;ver
relier;3;ver
rejoindre;3;ver
rayer;3;ver
rassurer;3;ver
rappeler;3;ver
rang;3;nom
ramure;3;nom
railways;3;nr
rage;3;nom
raconter;3;ver
québec;3;nr
qualité;3;nom
pénétrer;3;ver
pâle;3;adj
puiser;3;ver
publicité;3;nom
prévision;3;nom
prévenir;3;ver
prétention;3;nom
précision;3;nom
précieux;3;adj
proue;3;nom
proposition;3;nom
proportion;3;nom
propice;3;adj
promettre;3;ver
prolongation;3;nom
profiler;3;ver
procédé;3;nom
prix;3;nom
privilège;3;nom
preuve;3;nom
possibilité;3;nom
possession;3;nom
ponton;3;nom
pompe;3;nom
policeman;3;nom
poignet;3;nom
plat;3;nom
pigeon;3;nom
pesanteur;3;nom
perfection;3;nom
penchant;3;nom
paître;3;ver
paysage;3;nom
payer;3;ver
patience;3;nom
pan;3;nom
paille;3;nom
oxygène;3;nom
ouargla;3;nr
ottawa;3;nr
orthoptère;3;nom
orographique;3;nr
oreille;3;nom
orchestre;3;nom
occurrence;3;nom
obéir;3;ver
noter;3;ver
norvégien;3;adj
norvège;3;nr
noeud;3;nom
niger;3;nr
neigeux;3;adj
nebraska;3;nr
national;3;adj
météorologique;3;adj
médiocre;3;adj
mâchoire;3;nom
multiplier;3;ver
mouiller;3;ver
mosquée;3;nom
moscou;3;nr
moral;3;nom
modification;3;nom
mode;3;nom
missouri;3;nr
minghan;3;nr
minaret;3;nom
melbourne;3;nr
meeting;3;nom
marine;3;adj
marché;3;nom
manteau;3;nom
mammifère;3;nom
mai;3;nom
magellan;3;nr
magasin;3;nom
légèreté;3;nom
légèrement;3;adv
légitime;3;adj
lunette;3;nom
loup;3;nom
lorgnette;3;nom
longitude;3;nom
londres;3;nr
loger;3;ver
livre;3;nom
lien;3;nom
levier;3;nom
landelle;3;nr
jurer;3;ver
john;3;nr
jeune;3;adj
jet;3;nom
jauger;3;ver
japon;3;nom
ironiquement;3;adv
ironique;3;adj
iowa;3;nr
invraisemblable;3;adj
invisible;3;adj
inventer;3;ver
intrépide;3;adj
introduire;3;ver
intestin;3;adj
intervention;3;nom
intense;3;adj
insister;3;ver
inquiétant;3;adj
inonder;3;ver
inoffensif;3;adj
injure;3;nom
indépendant;3;adj
industriel;3;adj
inattendu;3;adj
importance;3;nom
iceberg;3;nom
icare;3;nr
hôtel;3;nom
hâter;3;ver
hurler;3;ver
hudson;3;nr
horreur;3;nom
horizontalement;3;adv
horizontal;3;adj
honnête;3;adj
herr;3;nr
hausser;3;ver
haler;3;ver
habile;3;adj
gésir;3;ver
gré;3;nom
grouper;3;ver
goût;3;nom
glacé;3;adj
genou;3;nom
garçon;3;nom
fuégiens;3;nr
futaie;3;nom
frrrr;3;nr
foyer;3;nom
fournir;3;ver
fouler;3;ver
fou;3;adj
flot;3;nom
flamme;3;nom
filet;3;nom
fil;3;nom
faîtes;3;nr
faubourg;3;nom
far;3;nom
famille;3;nom
faible;3;adj
extrêmement;3;adv
exister;3;ver
exactement;3;adv
esturgeon;3;nom
erebus;3;nr
equateur;3;nr
envie;3;nom
envelopper;3;ver
entreprise;3;nom
entièrement;3;adv
entasser;3;ver
engrenage;3;nom
encapuchonner;3;ver
encadrer;3;ver
employer;3;ver
effort;3;nom
edison;3;nr
dévier;3;ver
déverser;3;ver
développement;3;nom
désappointement;3;nom
désagréable;3;adj
dérive;3;nom
déraciner;3;ver
déplaire;3;ver
démonstration;3;nom
démener;3;ver
défense;3;nom
défendre;3;ver
dédain;3;nom
dédaigner;3;ver
déclarer;3;ver
déchaîner;3;ver
débarrasser;3;ver
dé;3;nom
dynamo;3;nom
duel;3;nom
douer;3;ver
doucement;3;adv
doubler;3;ver
doodle;3;nr
domestique;3;nom
docteur;3;nom
diviser;3;ver
distinguer;3;ver
distinctement;3;adv
disparu;3;nom
difficulté;3;nom
diamètre;3;nom
devancer;3;ver
deuil;3;nom
destruction;3;nom
demi_heure;3;nom
dangereux;3;adj
céder;3;ver
cèdre;3;nom
cuisine;3;nom
croissant;3;nom
crocodile;3;nom
crever;3;ver
couteau;3;nom
couchette;3;nom
cote;3;nom
cosmique;3;adj
corpuscule;3;nom
convoi;3;nom
continu;3;adj
contestable;3;adj
conserve;3;nom
connecticut;3;nr
connaissance;3;nom
congélation;3;nom
congrès;3;nom
concurrent;3;nom
conclure;3;ver
concert;3;nom
compas;3;nom
commander;3;ver
combat;3;nom
collision;3;nom
coeur;3;nom
clef;3;nom
clameur;3;nom
city;3;nom
citadelle;3;nom
circuler;3;ver
choisir;3;ver
chicago;3;nr
chantier;3;nom
centrifuge;3;adj
ceinture;3;nom
cataracte;3;nom
case;3;nom
caractère;3;nom
canadienne;3;adj
calotte;3;nom
calmir;3;ver
cage;3;nom
bâhadou;3;nr
bruissement;3;nom
britannia;3;nr
briller;3;ver
bref;3;adv
brave;3;adj
braquer;3;ver
bouteille;3;nom
bourreau;3;nom
boulevard;3;nom
bou;3;nr
bluff;3;nom
bas_fonds;3;nr
barrer;3;ver
barre;3;nom
banquise;3;nom
bailler;3;ver
baie;3;nom
aéroplane;3;nom
avouer;3;ver
aviateur;3;nom
aventurer;3;ver
autruche;3;nom
australie;3;nr
au_devant;3;adv
attardé;3;nom
astrakan;3;nom
artillerie;3;nom
artificiel;3;adj
art;3;nom
arrêt;3;nom
arme;3;nom
arc_en_ciel;3;nom
arabe;3;nom
application;3;nom
appel;3;nom
apparence;3;nom
apaiser;3;ver
anormal;3;adj
angleterre;3;nom
analogue;3;adj
amécourt;3;nr
amoindrir;3;ver
ambiant;3;adj
aléoutiennes;3;nr
alpe;3;nom
alger;3;nr
aisément;3;adv
aigle;3;nom
agiter;3;ver
affût;3;nom
affluent;3;nom
adversaire;3;nom
adresse;3;nom
adepte;3;nom
acoustique;3;nom
acharné;3;adj
accumuler;3;ver
accidenté;3;nom
accepter;3;ver
aborder;3;ver
abord;3;nom
aboiement;3;nom
_jeannette;3;nr
évaporation;2;nom
étude;2;nom
étroit;2;adj
étoilé;2;adj
éternellement;2;adv
étage;2;nom
éruption;2;nom
équinoxiale;2;nr
équilibré;2;adj
équatorial;2;adj
épouvanter;2;ver
épier;2;ver
énergie;2;nom
émoi;2;nom
électriquement;2;adv
éclair;2;nom
échelle;2;nom
ébullition;2;nom
àl;2;nr
zélande;2;nr
zi;2;nr
yédo;2;nr
yellowstone;2;nr
wydah;2;nr
wey;2;nr
washington;2;nr
walton;2;nr
w;2;nom
vésuve;2;nr
véritablement;2;adv
véhicule;2;nom
végétal;2;adj
vouer;2;ver
vomir;2;ver
volume;2;nom
volateurs;2;nr
voiture;2;nom
voisinage;2;nom
voisin;2;nom
vitré;2;adj
visser;2;ver
visible;2;adj
visage;2;nom
vingtaine;2;nom
villeneuve;2;nr
villa;2;nom
vignoble;2;nom
vierge;2;nom
vertige;2;nom
ventre;2;nom
venise;2;nom
veiller;2;ver
varié;2;adj
varier;2;ver
variation;2;nom
vainement;2;adv
utopie;2;nom
user;2;ver
ultérieur;2;adj
témérité;2;nom
témoin;2;nom
télégraphique;2;adj
télégramme;2;nom
tâtonnement;2;nom
tâter;2;ver
tâcher;2;ver
tunique;2;nom
trop_plein;2;nom
tronc;2;nom
tromblon;2;nom
trois_mâts;2;nom
triangle;2;nom
tremper;2;ver
trembler;2;ver
traînée;2;nom
transport;2;nom
transmettre;2;ver
transformer;2;ver
transe;2;nom
trait;2;nom
toucher;2;ver
touareg;2;adj
torpilleur;2;nom
tinder;2;nr
tendance;2;nom
tempérament;2;nom
taureau;2;nom
tac;2;nom
sérieusement;2;adv
série;2;nom
suédois;2;nom
suspect;2;adj
survivant;2;nom
surveillance;2;nom
surnaturel;2;nom
surmonter;2;ver
surexciter;2;ver
surcroît;2;nom
supériorité;2;nom
succomber;2;ver
successivement;2;adv
subitement;2;adv
subir;2;ver
storm;2;nr
steppe;2;nom
steam;2;nr
spitzberg;2;nr
spinelli;2;nr
spectateur;2;nom
souvenir;2;ver
sourire;2;nom
soupçon;2;nom
soumettre;2;ver
soulager;2;ver
souci;2;nom
solstice;2;nom
solidifier;2;ver
soldat;2;nom
soixantième;2;nom
sivel;2;nr
sitôt;2;adv
sinueux;2;adj
simultanément;2;adv
signifier;2;ver
sierra;2;nom
serrure;2;nom
serpenter;2;ver
sentiment;2;nom
semis;2;nom
scarabée;2;nom
satisfaction;2;nom
sarrasin;2;nom
sarcasme;2;nom
sapin;2;nom
sang;2;nom
san;2;nr
salve;2;nom
salt;2;nr
saler;2;ver
saison;2;nom
sain;2;adj
sabre;2;nom
rêver;2;ver
rêve;2;nom
révéler;2;ver
révolution;2;nom
réverbération;2;nom
réunir;2;ver
rétablir;2;ver
résolument;2;adv
résistant;2;adj
répétition;2;nom
répandre;2;ver
réellement;2;adv
récriminer;2;ver
récit;2;nom
réaliser;2;ver
rythme;2;nom
rude;2;adj
ruban;2;nom
rozier;2;nr
roulement;2;nom
ronfler;2;ver
rohur;2;nr
rivalité;2;nom
rio;2;nr
revirement;2;nom
retarder;2;ver
restreindre;2;ver
ressource;2;nom
ressort;2;nom
respirable;2;adj
repas;2;nom
renvoyer;2;ver
renverser;2;ver
renouveler;2;ver
rencontre;2;nom
remplacer;2;ver
remerciement;2;nom
relèvement;2;nom
relevé;2;adj
relation;2;nom
relatif;2;adj
reine;2;nom
rein;2;nom
refuge;2;nom
refrain;2;nom
redouter;2;ver
reculer;2;ver
recueillir;2;ver
rectiligne;2;adj
recourir;2;ver
reconnaissable;2;adj
razzia;2;nom
rayonnement;2;nom
ravitailler;2;ver
rauque;2;adj
raréfaction;2;nom
raquette;2;nom
rapt;2;nom
rapetisser;2;ver
rangée;2;nom
ranger;2;ver
rallier;2;ver
racler;2;ver
race;2;nom
quête;2;nom
quinzième;2;nom
querelle;2;nom
quatrième;2;adj
qualificatif;2;nom
pérouse;2;nr
pélican;2;nom
pékin;2;nom
pécher;2;ver
pâturage;2;nom
pyramide;2;nom
préparatif;2;nom
prématuré;2;adj
préférer;2;ver
préférence;2;nom
précédent;2;adj
précis;2;adj
prudence;2;nom
providence;2;nom
provenir;2;ver
provence;2;nr
propulsive;2;nr
proposer;2;ver
promontoire;2;nom
profondément;2;adv
profession;2;nom
produit;2;nom
proclamer;2;ver
prière;2;nom
principe;2;nom
prier;2;ver
poétiquement;2;adv
pot;2;nom
postérieur;2;adj
populaire;2;adj
poltronnerie;2;nom
poing;2;nom
plume;2;nom
platte;2;nr
plateau;2;nom
planant;2;adj
plaisanterie;2;nom
plaisanter;2;ver
pittoresque;2;adj
piquer;2;ver
pinte;2;nom
pin;2;nom
pilâtre;2;nr
pietrini;2;nr
phoque;2;nom
philadelphienne;2;nr
pesée;2;nom
perte;2;nom
perspective;2;nom
persistance;2;nom
perruche;2;nom
perdition;2;nom
percevoir;2;ver
percer;2;ver
penché;2;adj
pencher;2;ver
penaud;2;adj
patient;2;nom
passionner;2;ver
passion;2;nom
passerelle;2;nom
passant;2;nom
particule;2;nom
parfaitement;2;adv
pardonner;2;ver
paquet;2;nom
paquebot;2;nom
p;2;nr
ouvrage;2;nom
oural;2;nr
organe;2;nom
oregon;2;nr
ordonner;2;ver
orageux;2;adj
opérer;2;ver
optique;2;adj
ontario;2;nr
ondulation;2;nom
ombragé;2;adj
olfactu;2;nr
okhotsk;2;nr
oie;2;nom
odieux;2;adj
obéissant;2;adj
obstiner;2;ver
obscur;2;adj
obliquer;2;ver
objurgation;2;nom
népaul;2;nr
nu;2;adj
nourriture;2;nom
nier;2;ver
nid;2;nom
nevada;2;nr
naître;2;ver
navigation;2;nom
naval;2;adj
natal;2;adj
narquois;2;adj
nappe;2;nom
nantes;2;nr
nadi;2;nr
météorologistes;2;nr
météorologie;2;nom
mélanger;2;ver
mécanisme;2;nom
méandre;2;nom
mâle;2;nom
mythologique;2;adj
musical;2;adj
musculaire;2;adj
muscle;2;nom
mur;2;nom
multiple;2;adj
mugissement;2;nom
mu;2;nr
mouton;2;nom
mousqueterie;2;nom
moulin;2;nom
motif;2;nom
mordre;2;ver
montgolfière;2;nom
montagneux;2;adj
momentanément;2;adv
moeurs;2;nom
miroir;2;nom
minoterie;2;nr
minime;2;adj
milliard;2;nom
michel;2;nr
merveilleusement;2;adv
matériel;2;nom
mathématique;2;adj
massif;2;adj
marée;2;nom
marécageux;2;adj
marquis;2;nom
marquer;2;ver
marey;2;nr
marabout;2;nom
mandchou;2;adj
mandarin;2;nom
manche;2;nom
malheureusement;2;adv
majorité;2;nom
lôme;2;nr
légumistes;2;nr
légumiste;2;nr
lunaire;2;adj
louvrié;2;nr
louis;2;nom
lointain;2;adj
logique;2;adj
lnstitute;2;nr
liverpool;2;nr
linge;2;nom
lier;2;ver
letur;2;nr
lest;2;nom
lenteur;2;nom
lent;2;adj
lecteur;2;nom
laurent;2;nr
lamentation;2;nom
lamelle;2;nom
lake;2;nr
laing;2;nr
laghouat;2;nr
kremlin;2;nom
kasbah;2;nom
kamtchatka;2;nr
ka;2;nom
justice;2;nom
justement;2;adv
juge;2;nom
joujou;2;nom
joint;2;nom
joindre;2;ver
jobert;2;nr
jaunâtre;2;adj
japonais;2;adj
janvier;2;nom
jambon;2;nom
jaloux;2;adj
itinéraire;2;nom
island;2;nr
irrésistiblement;2;adv
inutilement;2;adv
intrus;2;nom
interruption;2;nom
interrupteur;2;nom
interroger;2;ver
insultant;2;adj
insuffisant;2;adj
installer;2;ver
insoluble;2;adj
infructueux;2;adj
indirigeable;2;nr
indifférent;2;adj
inconvénient;2;nom
incertitude;2;nom
incapable;2;adj
inabordable;2;adj
impénétrable;2;adj
impression;2;nom
imposer;2;ver
immobiliser;2;ver
imitation;2;nom
imagination;2;nom
illustre;2;adj
illuminer;2;ver
ii;2;nr
ignorant;2;adj
identique;2;adj
icarie;2;nr
hésitation;2;nom
hérisser;2;ver
hérat;2;nr
hélène;2;nr
hécatombe;2;nom
hâte;2;nom
hydrogène;2;nom
hutte;2;nom
humer;2;ver
humble;2;adj
houleux;2;adj
horrible;2;adj
honorer;2;ver
hirondeau;2;nom
herald;2;nr
henry;2;nom
hasarder;2;ver
harry;2;nr
harpon;2;nom
hall;2;nom
haleter;2;ver
haine;2;nom
géométrique;2;adj
généralement;2;adv
gémir;2;ver
gypaètes;2;nr
guinée;2;nom
grêle;2;nom
grossir;2;ver
groof;2;nr
grondement;2;nom
gris;2;adj
gravité;2;nom
grandeur;2;nom
goélette;2;nom
gousta;2;nr
gorge;2;nom
gonfler;2;ver
goat;2;nr
glucose;2;nom
glass;2;nom
glacier;2;nom
glacial;2;adj
gin;2;nom
gibier;2;nom
geyser;2;nom
gerbe;2;nom
gentleman;2;nom
galop;2;nom
gaine;2;nom
gaillard;2;nom
féroce;2;adj
futur;2;adj
fusée;2;nom
fusillade;2;nom
fumée;2;nom
fulminate;2;nom
frénétique;2;adj
frrr;2;nr
frottement;2;nom
franceville;2;nr
fracasser;2;ver
fougère;2;nom
foudre;2;nom
fossé;2;nom
fortune;2;nom
formule;2;nom
fonds;2;nom
foi;2;nom
flèche;2;nom
flottant;2;adj
flexible;2;adj
firmament;2;nom
finmark;2;nr
filtrer;2;ver
figure;2;nom
ficher;2;ver
ficeler;2;ver
ferré;2;adj
femme;2;nom
faîte;2;nom
faveur;2;nom
fatigue;2;nom
fantaisiste;2;adj
famine;2;nom
falls;2;nr
faiblesse;2;nom
faciliter;2;ver
fabrication;2;nom
extérieurement;2;adv
extérieur;2;nom
expérimenter;2;ver
expédier;2;ver
exprimer;2;ver
expression;2;nom
exposition;2;nom
exposer;2;ver
exemple;2;nom
exagérer;2;ver
exact;2;adj
everest;2;nr
européen;2;adj
etc;2;adv
etant;2;nr
essence;2;nom
envier;2;ver
enveloppe;2;nom
envahir;2;ver
entretenir;2;ver
enthousiasme;2;nom
ensevelir;2;ver
enrayer;2;ver
enquête;2;nom
enfiler;2;ver
enceinte;2;adj
emmener;2;ver
embrasser;2;ver
embarrassant;2;adj
el;2;nr
effleurer;2;ver
effectuer;2;ver
edimbourg;2;nr
ecoutez;2;nr
dévorer;2;ver
détonation;2;nom
détail;2;nom
détacher;2;ver
désireux;2;adj
désirer;2;ver
désespéré;2;adj
déranger;2;ver
déployer;2;ver
dépendre;2;ver
dénoter;2;ver
délicat;2;adj
défunt;2;nom
définitivement;2;adv
défaut;2;nom
décrire;2;ver
découper;2;ver
déconcerter;2;ver
déclaration;2;nom
décharge;2;nom
dupuy;2;nr
dunkerque;2;nom
duna;2;nr
don;2;nom
distribuer;2;ver
distraire;2;ver
dissimuler;2;ver
disperser;2;ver
disloqué;2;adj
disloquer;2;ver
discours;2;nom
direct;2;adj
diminution;2;nom
dilaté;2;adj
différence;2;nom
difficilement;2;adv
deuxième;2;adj
destination;2;nom
desideratum;2;nr
description;2;nom
densité;2;nom
demeure;2;nom
date;2;nom
damier;2;nom
damavend;2;nr
dahomiens;2;nr
cérémonie;2;nom
culasse;2;nom
cuivré;2;adj
crépusculaire;2;adj
crépu;2;adj
crépitement;2;nom
crâne;2;nom
crocé;2;nr
crampe;2;nom
coyote;2;nom
couverture;2;nom
couronner;2;ver
cour;2;nom
coude;2;nom
cossu;2;adj
cortège;2;nom
correspondre;2;ver
corne;2;nom
convenance;2;nom
continuation;2;nom
contigu;2;adj
contempler;2;ver
conséquence;2;nom
consulter;2;ver
constamment;2;adv
conserver;2;ver
consentir;2;ver
conique;2;adj
confusément;2;adv
confins;2;nom
conclusion;2;nom
concevoir;2;ver
compromettre;2;ver
composition;2;nom
composer;2;ver
company;2;nr
commencement;2;nom
comble;2;nom
combiner;2;ver
colossal;2;adj
colombia;2;nr
collège;2;nom
coller;2;ver
college;2;nr
clore;2;ver
cloison;2;nom
clocher;2;nom
cloche;2;nom
cirque;2;nom
circulation;2;nom
cincinnati;2;nr
château;2;nom
chonas;2;nr
choc;2;nom
chiffon;2;nom
cheveu;2;nom
cheval_vapeur;2;nom
chemise;2;nom
cheminée;2;nom
chef_lieu;2;nom
chauve_souris;2;nom
chauffer;2;ver
chaudière;2;nom
chasser;2;ver
chariot;2;nom
chaos;2;nom
chalet;2;nom
centimètre;2;nom
cauchemar;2;nom
carpe;2;nom
caravane;2;nom
capture;2;nom
captif;2;nom
capricieux;2;adj
caprice;2;nom
capacité;2;nom
canton;2;nom
canne;2;nom
cancer;2;nom
camille;2;nr
californien;2;adj
caleçon;2;nom
caler;2;ver
calculateur;2;nom
calcul;2;nom
cadavre;2;nom
cabot;2;nom
béléguic;2;nr
buisson;2;nom
brutalement;2;adv
brouhaha;2;nom
bris;2;nom
brique;2;nom
breveté;2;adj
brevet;2;nom
brandy;2;nom
boîte;2;nom
boutonner;2;ver
bouquet;2;nom
bouilli;2;adj
bonnement;2;adv
bonheur;2;nom
bondir;2;ver
boats;2;nr
bloc;2;nom
blancheur;2;nom
bizarre;2;adj
berlin;2;nom
behring;2;nr
battement;2;nom
barque;2;nom
bambou;2;nom
bain;2;nom
aérostier;2;nom
aérostatique;2;nr
aviron;2;nom
avantistes;2;nr
avance;2;nom
australasie;2;nr
aurifère;2;adj
auprès_de;2;nr
attribuer;2;ver
attraction;2;nom
attitude;2;nom
attentivement;2;adv
attaque;2;nom
astronomie;2;nom
astre;2;nom
assommer;2;ver
asphyxie;2;nom
ashourada;2;nr
artilleuses;2;nr
artifice;2;nom
arrondir;2;ver
arriéristes;2;nr
arquebuse;2;nom
armer;2;ver
argument;2;nom
argentin;2;adj
argent;2;nom
ardrah;2;nr
architecture;2;nom
arc;2;nom
arborer;2;ver
août;2;nom
antipode;2;nom
anonyme;2;adj
annonce;2;nom
améric;2;nr
aménagement;2;nom
amphithéâtre;2;nom
amitié;2;nom
amateur;2;nom
amas;2;nom
allumé;2;adj
allemand;2;adj
alimenter;2;ver
algérien;2;adj
alarme;2;nom
aise;2;nom
aimable;2;adj
aigre;2;adj
aggraver;2;ver
agent;2;nom
africain;2;adj
affluer;2;ver
affaler;2;ver
admissible;2;adj
actuellement;2;adv
activement;2;adv
acier;2;nom
accélérer;2;ver
accuser;2;ver
accueil;2;nom
accourir;2;ver
accorder;2;ver
accentuer;2;ver
accalmie;2;nom
abus;2;nom
absurde;2;adj
absorber;2;ver
absent;2;adj
abonner;2;ver
abomey;2;nr
abattre;2;ver
_de_visu;2;nr
_de;2;nr
événement;1;nom
évidé;1;adj
éventail;1;nom
évent;1;nom
évanouir;1;ver
étudier;1;ver
étreindre;1;ver
étoupe;1;nom
étouffé;1;adj
étonnement;1;nom
étoffe;1;nom
étincellement;1;nom
étincelle;1;nom
éternuement;1;nom
étape;1;nom
étang;1;nom
étaler;1;ver
étager;1;ver
équivoque;1;adj
équinoxiales;1;nr
équateur;1;nom
épouvanté;1;adj
épouser;1;ver
épointer;1;nr
épine;1;nom
éperon;1;nom
épauler;1;ver
épaisseur;1;nom
éolien;1;nom
énigme;1;nom
ému;1;adj
émouvoir;1;ver
émousseraient;1;nr
éminemment;1;adv
émettre;1;ver
émerveiller;1;ver
élévators;1;nr
élucider;1;ver
éloignement;1;nom
élire;1;ver
électromotrice;1;nr
électricien;1;nom
élastique;1;nom
élan;1;nom
égaré;1;adj
égaler;1;ver
édile;1;nom
écumer;1;ver
écriture;1;nom
économiser;1;ver
économie;1;nom
école;1;nom
éclipser;1;ver
éclipse;1;nom
éclaircirent;1;nr
éclairage;1;nom
éclaboussure;1;nom
échéant;1;adj
échine;1;nom
échauffer;1;ver
écharpés;1;nr
écharpe;1;nom
échange;1;nom
écarteler;1;ver
écarlate;1;adj
ébrécher;1;ver
ébranler;1;ver
ébranlement;1;nom
éboulement;1;nom
éblouissant;1;adj
ébarba;1;nr
ébahir;1;ver
é;1;adv
âge;1;nom
àvait;1;nr
àcause;1;nr
à_propos;1;nom
zzang;1;nr
zurich;1;nr
zampa;1;nr
zama;1;nr
youbou;1;nr
yen;1;nom
yale;1;nr
yak;1;nom
xixe;1;nr
works;1;nr
wollaston;1;nr
wisconsin;1;nr
widah;1;nr
whisky;1;nom
wasatsh;1;nr
ward;1;nr
wang;1;nr
vêtir;1;ver
vérification;1;nom
véridique;1;adj
vénéré;1;adj
vénus;1;nom
végéter;1;ver
végétation;1;nom
végétarien;1;adj
vraisemblablement;1;adv
vouât;1;nr
volte;1;nom
volonté;1;nom
voleur;1;nom
volckmar;1;nr
volcanique;1;adj
volatiliser;1;ver
volatil;1;adj
volateur;1;nr
vocifération;1;nom
voador;1;nr
vivier;1;nom
vitreux;1;adj
visite;1;nom
viser;1;ver
viscère;1;nom
violet;1;adj
violemment;1;adv
vingt_sixième;1;adj
vindicte;1;nom
vinci;1;nr
vinaigre;1;nom
vin;1;nom
vigueur;1;nom
vigognes;1;nr
vignal;1;nr
vigie;1;nom
viff;1;nr
vieillard;1;nom
victoria;1;nom
victor;1;nr
victoire;1;nom
vice_roi;1;nom
viaduc;1;nom
vestale;1;nom
vessie;1;nom
vespuce;1;nr
vertèbre;1;nom
verrou;1;nom
verdâtre;1;adj
verdure;1;nom
verbe;1;nom
ventoux;1;nr
veine;1;nom
vautour;1;nom
vaussin;1;nr
vancouver;1;nr
valérien;1;nr
vagissement;1;nom
vache;1;nom
vacarme;1;nom
utilité;1;nom
utilement;1;adv
utile;1;adj
urville;1;nr
urgence;1;nom
uniquement;1;adv
uni;1;adj
tôle;1;nom
ténèbres;1;nom
téméraire;1;adj
témoignage;1;nom
téléphone;1;nom
télescope;1;nom
téhéran;1;nr
tâtonnant;1;adj
tâche;1;nom
tyrolien;1;adj
tuyau;1;nom
turquoise;1;nom
turkomanes;1;nr
turkestane;1;nr
turkestan;1;nr
turc;1;adj
tunisien;1;adj
tunis;1;nr
tueri;1;nr
tuer;1;ver
tubulaire;1;adj
tube;1;nom
truite;1;nom
truckie;1;nr
troublé;1;adj
troquer;1;ver
tropical;1;adj
trocadéro;1;nr
tripler;1;ver
triompher;1;ver
triangulation;1;nom
tressauter;1;ver
trenton;1;nr
trentième;1;adj
treillis;1;nom
traîner;1;ver
traînard;1;nom
trapèze;1;nom
trapu;1;adj
transsaharien;1;nr
transpirer;1;ver
transcrire;1;ver
tranchée;1;nom
tranche;1;nom
trajet;1;nom
trahir;1;ver
traditionnel;1;adj
traction;1;nom
tracasserie;1;nom
tout_puissant;1;adj
toussaint;1;nom
tourmenter;1;ver
toupie;1;nom
toupet;1;nom
touffe;1;nom
torrentueux;1;adj
torpille;1;nom
tornade;1;nom
tordu;1;adj
tordre;1;ver
torche;1;nom
toqué;1;adj
topographique;1;adj
tonnerre;1;nom
tonneau;1;nom
tombory;1;nr
toiture;1;nom
toison;1;nom
tituber;1;ver
tiroir;1;nom
tirage;1;nom
timbre;1;nom
tige;1;nom
tiers;1;nom
tibétain;1;adj
théoriquement;1;adv
thames;1;nr
textile;1;nom
texte;1;nom
terror;1;nr
terroirs;1;nr
terrer;1;ver
terminus;1;nom
terme;1;nom
teraï;1;nr
tenue;1;nom
tellement;1;adv
tell;1;nom
telemark;1;nr
telegraph;1;nr
teimils;1;nr
tebbad;1;nr
tay;1;nr
tawaï;1;nr
taupinière;1;nom
tas;1;nom
tarente;1;nr
tankadère;1;nr
tanjour;1;nr
tanguer;1;ver
tambour;1;nom
tam_tam;1;nom
tam;1;nr
taillis;1;nom
tailler;1;ver
taganet;1;nr
tache;1;nom
table;1;nom
tabernacle;1;nom
sûrement;1;adv
sévère;1;adj
séjour;1;nom
sébastien;1;nr
syllabe;1;nom
suède;1;nom
suâ;1;nr
suspenseur;1;adj
susdit;1;adj
survivre;1;ver
surnagerait;1;nr
surhumain;1;adj
surgir;1;ver
surexcitation;1;nom
surcharge;1;nom
suprême;1;adj
supra;1;adv
supprimer;1;ver
supplicier;1;ver
supplice;1;nom
supplication;1;nom
sultan;1;nom
sulfurique;1;adj
suicide;1;nom
suffoquer;1;ver
suffocation;1;nom
suffisamment;1;adv
sucré;1;adj
succulent;1;adj
succession;1;nom
successif;1;adj
successeur;1;nom
subventionner;1;ver
subvenir;1;ver
substituer;1;ver
substantiel;1;adj
subsistance;1;nom
style;1;nom
stupéfait;1;adj
stupeur;1;nom
stréophores;1;nr
structure;1;nom
stringfellow;1;nr
strie;1;nom
stream;1;nr
strasbourgeois;1;adj
stockholm;1;nr
stock;1;nom
stillen;1;nr
stevenson;1;nr
sterlets;1;nr
statue;1;nom
stationnaires;1;nr
stahlstadt;1;nr
stabilité;1;nom
srinagar;1;nr
squelette;1;nom
square;1;nom
splendide;1;adj
spiralifères;1;nr
spirale;1;nom
sphéroïde;1;nom
sphéroïdale;1;nr
sphère;1;nom
souveraineté;1;nom
soutinssent;1;nr
sous_tendre;1;ver
sous_marin;1;adj
sous_bois;1;nom
sourciller;1;ver
sourcilier;1;nr
sourcil;1;nom
source;1;nom
souper;1;nom
soupe;1;nom
soupape;1;nom
soulouque;1;nr
soulier;1;nom
soulagement;1;nom
souffrance;1;nom
soufflet;1;nom
souder;1;ver
soucieux;1;adj
souche;1;nom
soubresaut;1;nom
sottise;1;nom
sortie;1;nom
sophie;1;nom
sonnette;1;nom
sonnerie;1;nom
somblick;1;nr
solitude;1;nom
soixante_dix_huitième;1;nr
soixantaine;1;nom
soigneusement;1;adv
soif;1;nom
soeur;1;nom
society;1;nr
social;1;adj
so;1;nr
sneffel;1;nr
smythies;1;nr
smyth;1;nr
sixième;1;adj
sirène;1;nom
sinistre;1;adj
simultanéité;1;nom
simplon;1;nr
sillon;1;nom
silencieux;1;adj
siffler;1;ver
siemens;1;nr
sidney;1;nr
sidi;1;nom
sibérien;1;adj
sherman;1;nr
sheffield;1;nr
shah;1;nom
sextants;1;nr
seuil;1;nom
servilement;1;adv
septième;1;adj
sentirions;1;nr
sensé;1;adj
sensibilité;1;nom
semnoz;1;nr
semi;1;nom
semelle;1;nom
sellon;1;nr
seizième;1;nom
seine;1;nom
section;1;nom
secte;1;nom
secouer;1;ver
seau;1;nom
scélérat;1;nom
scène;1;nom
scrutin;1;nom
scrupuleux;1;adj
scinder;1;ver
scier;1;ver
scientifique;1;adj
schlagintweit;1;nr
scander;1;ver
scandaleux;1;adj
scandale;1;nom
sbire;1;nom
saütis;1;nr
saxonne;1;nom
sauveteur;1;nom
sauvetage;1;nom
sauterelle;1;nom
saurer;1;ver
saumon;1;nom
saugrenu;1;adj
sauge;1;nom
saturation;1;nom
satiété;1;nom
sarti;1;nr
sarmiento;1;nr
sarahama;1;nr
sankore;1;nr
sanglant;1;adj
salé;1;adj
saltimbanque;1;nom
salive;1;nom
saisissant;1;adj
saisie;1;nom
saint_michel;1;nom
saint_bernard;1;nom
saghalien;1;nr
sacramento;1;nr
sacramentel;1;adj
rôti;1;nom
rôdeur;1;nom
réunion;1;nom
rétrograder;1;ver
rétrograde;1;adj
résumer;1;ver
résulter;1;ver
résultant;1;adj
résonner;1;ver
résolution;1;nom
résineux;1;adj
résigner;1;ver
réservoir;1;nom
répugner;1;ver
républicain;1;adj
réintégrer;1;ver
réinstaller;1;ver
réhabiliter;1;ver
régulièrement;1;adv
régulier;1;adj
régularité;1;nom
régner;1;ver
régence;1;nom
réfugier;1;ver
réfraction;1;nom
réfractaire;1;nom
réflexion;1;nom
réel;1;adj
récompense;1;nom
réclame;1;nom
réclamation;1;nom
récipient;1;nom
récent;1;adj
réapprovisionner;1;ver
réapprovisionnait;1;nr
réapparition;1;nom
réapparaître;1;ver
réaperçu;1;nr
réalisation;1;nom
ré;1;nom
russo_américaine;1;nr
russies;1;nr
ruse;1;nom
rupture;1;nom
ruminant;1;nom
ruiner;1;ver
ruine;1;nom
rrr;1;nr
rouler;1;ver
rouille;1;nom
rougir;1;ver
rougeâtre;1;adj
rouennais;1;nr
rotches;1;nr
rosser;1;ver
ross;1;nr
ropes;1;nr
room;1;nr
ronger;1;ver
ronflement;1;nom
rondement;1;adv
rond;1;nom
rocher;1;nom
robuste;1;adj
roastbeef;1;nr
roads;1;nr
rjukanfos;1;nr
rivoli;1;nr
rivaliser;1;ver
rips;1;nr
riposte;1;nom
rios;1;nr
ring;1;nom
rigoureux;1;adj
rigide;1;adj
righi;1;nr
richard;1;adj
rhumatisme;1;nom
revue;1;nom
retoucher;1;ver
retenue;1;nom
retentissant;1;adj
restreint;1;adj
ressentissent;1;nr
ressaisir;1;ver
respiration;1;nom
respectueux;1;adj
respect;1;nom
requin;1;nom
reptation;1;nom
représenter;1;ver
représentant;1;nom
reproduire;1;ver
repoussant;1;adj
repos;1;nom
reporter;1;nom
reportaient;1;nr
replonger;1;ver
repiquer;1;ver
repentir;1;ver
renversement;1;nom
renversant;1;adj
renseignement;1;nom
renommée;1;nom
rengainer;1;ver
renfrogner;1;ver
renfermé;1;adj
renaud;1;nom
remuer;1;ver
rempli;1;adj
remous;1;nom
remorqués;1;nr
remords;1;nom
remise;1;nom
remercier;1;ver
reléguer;1;ver
religieux;1;adj
relief;1;nom
relais;1;nom
rejaillir;1;ver
regretter;1;ver
refroidissement;1;nom
refroidir;1;ver
refouler;1;ver
reflétât;1;nr
reflux;1;nom
redevable;1;adj
recruter;1;ver
recouvrir;1;ver
recouper;1;ver
reconnaissance;1;nom
recommandation;1;nom
rechercher;1;ver
rechange;1;nom
raz;1;nom
rayonnant;1;adj
ravir;1;ver
ravin;1;nom
ravaler;1;ver
rattraper;1;ver
rassembler;1;ver
rassemblement;1;nom
raser;1;ver
ras;1;adj
raréfier;1;ver
rapproché;1;adj
rapprochement;1;nom
rapport;1;nom
rapatrier;1;ver
rame;1;nom
ralentissement;1;nom
raisonner;1;ver
raisonnable;1;adj
raguidi;1;nr
ragginahra;1;nr
rafraîchir;1;ver
rafale;1;nom
radieux;1;adj
rade;1;nom
raccorder;1;ver
ra;1;nom
quinzaine;1;nom
questionner;1;ver
quarantième;1;adj
quarante_sixième;1;nr
quarante_septième;1;adj
quai;1;nom
pêne;1;nom
pêle_mêle;1;adv
pêché;1;adj
pêcheur;1;nom
pêcher;1;ver
pétrole;1;nom
pétrels;1;nr
pétillement;1;nom
pérégrination;1;nom
pérou;1;nom
périphérie;1;nom
période;1;nom
pénétration;1;nom
pénétrant;1;adj
péniblement;1;adv
pénible;1;adj
pénaud;1;nr
pâtée;1;nom
pâté;1;nom
pâmoison;1;nom
pâmer;1;ver
pyrénées;1;nr
pyroxène;1;nom
puy;1;nom
pupille;1;nom
punta;1;nr
pulvérin;1;nom
pulluler;1;ver
puits;1;nom
publiquement;1;adv
publier;1;ver
prêtre;1;nom
prêter;1;ver
prévaloir;1;ver
prétentieux;1;adj
prétendu;1;adj
présider;1;ver
présidentiel;1;adj
préserver;1;ver
présentement;1;adv
présent;1;nom
préposé;1;nom
prépondérant;1;adj
prématurer;1;nr
préférable;1;adj
préfecture;1;nom
prédécesseur;1;nom
précéder;1;ver
préconiser;1;ver
précipitamment;1;adv
préalablement;1;adv
provocateur;1;nom
provocant;1;adj
protubérance;1;nom
protestation;1;nom
proscripteurs;1;nr
propriété;1;nom
proprement;1;adv
proportionnellement;1;adv
prophète;1;nom
propension;1;nom
pronom;1;nom
promptement;1;adv
promoteur;1;nom
progress;1;nr
profit;1;nom
profil;1;nom
professeur;1;nom
prodige;1;nom
prochain;1;adj
pro;1;nom
priseur;1;nom
priser;1;ver
principalement;1;adv
prince;1;nom
prime;1;nom
prigent;1;nr
pressentir;1;ver
presse;1;nom
president;1;nr
presenté;1;nr
presente;1;nr
pratiquer;1;ver
pratiquement;1;adv
poète;1;nom
poursuivre;1;ver
poursuite;1;nom
poupe;1;nom
poumon;1;nom
poulkowa;1;nr
poulie;1;nom
potasse;1;nom
potage;1;nom
postérité;1;nom
post;1;adv
possessif;1;adj
positivement;1;adv
positif;1;adj
porus;1;nr
portrait;1;nom
portier;1;nom
portefeuille;1;nom
porte_monnaie;1;nom
portatif;1;adj
pomès;1;nr
pomanou;1;nr
polygamie;1;nom
polychrome;1;adj
politesse;1;nom
poivrière;1;nom
poissonneux;1;adj
pointillé;1;nom
poignée;1;nom
poignard;1;nom
pneu;1;nom
plumer;1;ver
plongée;1;nom
plomb;1;nom
pline;1;nr
pli;1;nom
plausible;1;adj
plaque;1;nom
planète;1;nom
planche;1;nom
planavergne;1;nr
plaisant;1;adj
plaintif;1;adj
plainte;1;nom
plage;1;nom
plafond;1;nom
placers;1;nr
pivoter;1;ver
pivot;1;nom
pitman;1;nr
pistolet;1;nom
piste;1;nom
pire;1;adj
pirate;1;nom
piquet;1;nom
pipe;1;nom
pionnier;1;nom
pingouin;1;nom
pinceau;1;nom
pilote;1;nom
pileux;1;adj
pieux;1;adj
pierre;1;nom
pickle;1;nom
phénoménal;1;adj
phébé;1;nr
physiquement;1;adv
physionomie;1;nom
physicien;1;nom
photographie;1;nom
phosphorescent;1;adj
phosphorescence;1;nom
philippeville;1;nr
philippe;1;nr
philevans;1;nr
phare;1;nom
phanérogame;1;nom
peuplier;1;nom
peupler;1;ver
petropavlovsk;1;nr
petchéli;1;nr
pescade;1;nr
pesant;1;adj
perspicace;1;adj
personnalité;1;nom
persistant;1;adj
perse;1;adj
persan;1;adj
perreaux;1;nr
perquisition;1;nom
perpétuité;1;nom
perplexe;1;adj
perpendiculairement;1;adv
permission;1;nom
permanence;1;nom
perdrix;1;nom
percée;1;nom
percher;1;ver
perceptible;1;adj
pente;1;nom
penne;1;nom
pendre;1;ver
pendjab;1;nr
peintre;1;nom
pei;1;nr
peau_rouge;1;nom
peau;1;nom
pavoiser;1;ver
pavois;1;nom
pauze;1;nr
pauvre;1;adj
paul;1;nr
paucton;1;nr
patterson;1;nr
patte;1;nom
patron;1;nom
patriotique;1;adj
patin;1;nom
paternité;1;nom
patagonie;1;nr
patagon;1;nom
passionné;1;adj
passionnel;1;adj
passif;1;adj
parvata;1;nr
parliament;1;nr
parlement;1;nom
parisel;1;nr
parfum;1;nom
parfait;1;adj
paresseux;1;adj
paresse;1;nom
paratonnerre;1;nom
parasite;1;nom
paralyser;1;ver
papillon;1;nom
panthéon;1;nom
panier;1;nom
pandanus;1;nom
panafieu;1;nr
panache;1;nom
paléocrystique;1;nr
palper;1;ver
palissade;1;nom
palette;1;nom
palabre;1;nom
paix;1;nom
paire;1;nom
paillette;1;nom
pagode;1;nom
pacifiquerailway;1;nr
pacific;1;nr
pachyderme;1;nom
oxford;1;nr
ovine;1;nr
ovide;1;nr
ovale;1;adj
ouïe;1;nom
ouvrier;1;nom
ouvert;1;adj
outrance;1;nom
outillage;1;nom
outil;1;nom
outarde;1;nom
oued;1;nom
ossuaire;1;nom
osselet;1;nom
osier;1;nom
oscillant;1;adj
orthoptérique;1;nr
orthopthères;1;nr
original;1;nom
orgueil;1;nom
organiser;1;ver
orbite;1;nom
oranger;1;nom
oran;1;nr
opérateur;1;nom
oppresser;1;ver
opposition;1;nom
opportun;1;adj
opalescent;1;adj
onde;1;nom
oncle;1;nom
omelette;1;nom
ombrager;1;ver
olfactif;1;adj
ohio;1;nr
offensif;1;adj
océanien;1;nr
océanie;1;nr
oculaire;1;adj
octave;1;nom
obus;1;nom
obsèques;1;nom
obstacle;1;nom
obsidienne;1;nom
obsession;1;nom
obscurcirent;1;nr
objectif;1;nom
négliger;1;ver
négligeable;1;adj
négatif;1;adj
nécessité;1;nom
nécessiter;1;ver
nécessairement;1;adv
nutritif;1;adj
nuremberg;1;nr
numéro;1;nom
nuancer;1;ver
noyé;1;adj
noué;1;adj
nouvel;1;adj
normalement;1;adv
normal;1;adj
nomination;1;nom
nomenclature;1;nom
noix;1;nom
noirâtre;1;adj
noctambule;1;adj
nièce;1;nom
niewman;1;nr
nice;1;nom
nez;1;nom
neveu;1;nom
neva;1;nr
neutre;1;adj
neutraliser;1;ver
nettement;1;adv
nerf;1;nom
negro;1;nom
nef;1;nom
navis;1;nr
naviguer;1;ver
navigateur;1;nom
navarin;1;nom
naufrage;1;nom
naturellement;1;adv
nationalité;1;nom
nation;1;nom
natatoire;1;adj
napoléon;1;nom
naples;1;nr
naphte;1;nom
naissance;1;nom
nain;1;nom
naguère;1;adv
nageur;1;nom
nageoire;1;nom
nage;1;nom
mûr;1;adj
mînghan;1;nr
mépris;1;nom
méprendre;1;ver
ménager;1;ver
mémorable;1;adj
mémoire;1;nom
mélèze;1;nom
mélancolique;1;adj
mécaniquement;1;adv
mâchicoulis;1;nom
mzal;1;nr
mystification;1;nom
mystificateur;1;nom
mutisme;1;nom
musulman;1;nom
musicien;1;nom
munster;1;nom
mungo;1;nom
multicolore;1;adj
muer;1;ver
mozabites;1;nr
moy;1;nr
mouvant;1;adj
moustique;1;nom
moustache;1;nom
mourant;1;adj
mouillé;1;adj
mouette;1;nom
mouche;1;nom
moscovite;1;adj
mortier;1;nom
moreau;1;adj
moralement;1;adv
moquerie;1;nom
montsouris;1;nr
monthyon;1;nr
montgolfier;1;nr
monstrueux;1;adj
monotonie;1;nom
monocle;1;nom
monnaie;1;nom
monarque;1;nom
momentané;1;adj
mollusque;1;nom
mollir;1;ver
moine;1;nom
modéré;1;adj
modèle;1;nom
moderne;1;adj
mitrailleur;1;nom
mitraille;1;nom
mississippi;1;nr
misaine;1;nom
mirer;1;ver
miraculeux;1;adj
miracle;1;nom
minutieux;1;adj
minimum;1;nom
minier;1;adj
mimosa;1;nom
militaire;1;adj
microscope;1;nom
micrométriques;1;nr
micrométrique;1;nr
mi_parti;1;adj
mi_flanc;1;nom
mexique;1;nr
mexicain;1;adj
meurtrîere;1;nr
meublé;1;adj
metliti;1;nr
messied;1;nr
messager;1;nom
mercure;1;nom
menu;1;nom
mention;1;nom
menthe;1;nom
mener;1;ver
menaçant;1;adj
membrée;1;nr
membrure;1;nom
membrane;1;nom
melkisff;1;nr
meerwein;1;nr
medjerda;1;nr
meckke;1;nr
maïs;1;nom
maîtrisé;1;adj
maîtriser;1;ver
maçonnique;1;adj
maur;1;nr
maudit;1;adj
matérialité;1;nom
matifou;1;nr
mathématiquement;1;adv
matelot;1;nom
match;1;nom
massétérienne;1;nr
masséters;1;nr
massin;1;nr
massacre;1;nom
masculin;1;adj
martyrologe;1;nom
martinet;1;nom
martha;1;nr
marsouin;1;nom
marque;1;nom
marquant;1;adj
maroc;1;nr
maritime;1;adj
marier;1;ver
mariage;1;nom
marbre;1;nom
manufacturière;1;nr
manoeuvrerait;1;nr
manioc;1;nom
manifestement;1;adv
manifestation;1;nom
manier;1;ver
manguier;1;nom
manchester;1;nr
mamelonnés;1;nr
mamelonné;1;adj
mamelon;1;nom
maléfice;1;nom
malédiction;1;nom
malsain;1;adj
malfaiteur;1;nom
malaisément;1;adv
malaise;1;nom
major;1;nom
majeur;1;adj
majestueux;1;adj
majestueusement;1;adv
main_forte;1;nom
main_courante;1;nom
maigreur;1;nom
maigre;1;adj
magnificence;1;nom
magistrat;1;nom
maelstrom;1;nom
macédonien;1;nom
léonard;1;adj
léman;1;nr
légume;1;nom
légal;1;adj
lâcheté;1;nom
lâcher;1;ver
là_haut;1;adv
là_bas;1;adv
lynch;1;nom
luzy;1;nr
lussac;1;nr
lunarienne;1;nr
lumnes;1;nr
lugubre;1;adj
lucy;1;nr
lowe;1;nr
lover;1;ver
louverture;1;nr
loustic;1;nom
loungs;1;nr
loun;1;nr
loque;1;nom
lookout;1;nr
longuement;1;adv
longue_vue;1;nom
longitudinal;1;adj
longitudes;1;nr
longer;1;ver
lomas;1;nr
logis;1;nom
logement;1;nom
localité;1;nom
lièvre;1;nom
litanie;1;nom
lit;1;nom
lisbonne;1;nr
liquider;1;ver
liqueur;1;nom
ligoter;1;ver
ligotement;1;nr
licencier;1;ver
lenz;1;nr
lenticulaire;1;nr
ledit;1;adj
laviques;1;nr
laver;1;ver
laurier_rose;1;nom
launoy;1;nr
latrans;1;nr
latour;1;nr
latin;1;nom
latent;1;adj
lassitude;1;nom
las;1;adj
larynx;1;nom
larguer;1;ver
largement;1;adv
lard;1;nom
laps;1;nom
languette;1;nom
langue;1;nom
lamentable;1;adj
laitue;1;nom
laiteux;1;adj
lait;1;nom
laine;1;nom
laideur;1;nom
lagune;1;nom
lagon;1;nom
labyrinthe;1;nom
la_plata;1;nom
ksours;1;nr
kroumirie;1;nr
kroumir;1;nom
kouriles;1;nr
kour;1;nr
kouma;1;nr
kouen;1;nr
kong;1;nr
knifes;1;nr
kloutschew;1;nr
kiosque;1;nom
kinchanjunga;1;nr
kilgoor;1;nr
khorsoum;1;nr
khazan;1;nr
kesebeys;1;nr
kerapay;1;nr
kayuks;1;nr
kaufmann;1;nr
karakoroum;1;nr
kantokeino;1;nr
kamo;1;nr
kader;1;nr
kabylie;1;nr
kabara;1;nr
jérémiade;1;nom
jusque_là;1;adv
jupiter;1;nr
jungle;1;nom
julier;1;nr
jugement;1;nom
jsavigateurs;1;nr
joyeux;1;adj
joyeusement;1;adv
jourdain;1;nr
jouissance;1;nom
jouir;1;ver
jouet;1;nom
joseph;1;nom
jonction;1;nom
jersey;1;nom
jemba;1;nr
jefferson;1;nr
javelines;1;nr
javeline;1;nom
jargon;1;nom
james;1;nr
jaillir;1;ver
jacques;1;nom
italien;1;nom
italie;1;nr
issue;1;nom
isoler;1;ver
isolantes;1;nr
isochrone;1;nr
islande;1;nr
isfjord;1;nr
irrésistible;1;adj
irréconciliable;1;adj
irrespirable;1;adj
ironie;1;nom
iron;1;nr
iris;1;nom
irascible;1;adj
inépuisable;1;adj
invoquer;1;ver
inviter;1;ver
investigation;1;nom
inventorier;1;ver
invective;1;nom
invariablement;1;adv
invalide;1;nom
intéresser;1;ver
intéressant;1;adj
intronisation;1;nom
intriguer;1;ver
intransigeant;1;adj
intraitable;1;adj
intonation;1;nom
intertropicale;1;nr
interrogatif;1;adj
interposer;1;ver
interocéaniennes;1;nr
interne;1;adj
international;1;adj
intermittence;1;nom
interloquer;1;ver
interlocuteur;1;nom
intercéder;1;ver
intelligent;1;adj
intact;1;adj
insupportable;1;adj
insulteur;1;nom
insuffisamment;1;adv
insubmersible;1;adj
instruire;1;ver
institut;1;nom
instinctivement;1;adv
instinct;1;nom
inspirer;1;ver
insomnie;1;nom
insolent;1;adj
insignifiant;1;adj
insensé;1;adj
insensible;1;adj
insecte;1;nom
inquisiteur;1;adj
inopinément;1;adv
inondation;1;nom
initial;1;adj
ingénieux;1;adj
inglese;1;nr
inflammation;1;nom
infinitif;1;nom
infernal;1;adj
infamie;1;nom
inextricable;1;adj
inerte;1;adj
indéniable;1;adj
indéfiniment;1;adv
indéfini;1;adj
indécision;1;nom
indu;1;adj
indou;1;adj
indiscutable;1;adj
indignation;1;nom
indifférence;1;nom
indiana;1;nr
indescriptible;1;adj
indemniser;1;ver
incroyable;1;adj
incontestable;1;adj
incomplètement;1;adv
incomparablement;1;adv
incommoder;1;ver
incombustible;1;adj
inclinaison;1;nom
incessant;1;adj
incessamment;1;adv
incendiaire;1;nom
incassable;1;adj
incarcération;1;nom
incandescence;1;nom
in_petto;1;adv
impunies;1;nr
impuissant;1;adj
impuissance;1;nom
imprévu;1;nom
imprudemment;1;adv
imprimerie;1;nom
impraticable;1;adj
impondérable;1;nom
imperturbablement;1;adv
imperturbable;1;adj
imperméabilité;1;nom
impatienter;1;ver
impassible;1;adj
imparfaitement;1;adv
impardonnable;1;adj
immuable;1;adj
immortel;1;adj
immortaliser;1;ver
immoler;1;ver
immiscer;1;ver
immerger;1;ver
immensité;1;nom
imitateur;1;nom
imbécile;1;nom
imbriens;1;nr
imbert;1;nr
imaginaire;1;adj
illustré;1;adj
illustrer;1;ver
illinois;1;nr
ille;1;nr
ignivomes;1;nr
idéal;1;adj
icefields;1;nr
icefield;1;nr
icariens;1;nr
ibis;1;nom
ibi;1;nr
i;1;nom
hêtre;1;nom
hérold;1;nr
héritier;1;nom
hélicoptériques;1;nr
hébété;1;adj
hâve;1;adj
hâtivement;1;adv
hydrographique;1;adj
hydraulique;1;adj
huée;1;nom
hurracan;1;nr
hureau;1;nr
hunier;1;nom
humilier;1;ver
humide;1;adj
huitième;1;nom
huissier;1;nom
huileux;1;adj
huer;1;ver
house;1;nom
houppe;1;nom
houle;1;nom
houille;1;nom
hostilité;1;nom
hostile;1;adj
hospitalité;1;nom
horaire;1;nom
honni;1;adj
hommage;1;nom
hollande;1;nom
hollandais;1;adj
hogarth;1;nr
hocher;1;ver
historiquement;1;adv
hisser;1;ver
hippogriffes;1;nr
hippogriffe;1;nom
heurt;1;nom
heur;1;nom
hermétiquement;1;adv
henson;1;nr
henri;1;nr
heins;1;nr
hectare;1;nom
hebdomadaire;1;adj
headl;1;nr
harponner;1;ver
harponnant;1;nr
harpe;1;nom
harmonie;1;nom
harmonica;1;nom
hari;1;nr
harangue;1;nom
hambourgeois;1;adj
halées;1;nr
halle;1;nom
haleine;1;nom
hagard;1;adj
hache;1;nom
habité;1;adj
habituer;1;ver
habituellement;1;adv
habitable;1;adj
habit;1;nom
habileté;1;nom
gênant;1;adj
géryville;1;nr
géographe;1;nom
géodésie;1;nr
générosité;1;nom
généreux;1;adj
génie;1;nom
gémissement;1;nom
gélatinée;1;nr
gäbris;1;nr
gâter;1;ver
gâcher;1;ver
gymnastique;1;nom
gulf;1;nr
guitare;1;nom
guillemots;1;nr
guidotti;1;nr
guide;1;nom
gueux;1;nom
gueule;1;nom
guerrier;1;adj
guari;1;nr
guanaques;1;nr
grèce;1;nr
grosseur;1;nom
grognement;1;nom
grièvement;1;adv
grisâtre;1;adj
gringalet;1;nom
grincement;1;nom
grimwood;1;nr
grimper;1;ver
grimacier;1;nom
grimacer;1;ver
grimace;1;nom
grenier;1;nom
gregory;1;nr
greenwich;1;nr
grec;1;nom
great;1;nr
gravir;1;ver
grandiose;1;adj
graham;1;nr
graduer;1;ver
graduellement;1;adv
gracieux;1;adj
goûter;1;ver
gouverner;1;ver
gourmet;1;nom
gourmandise;1;nom
gourmand;1;adj
goulette;1;nom
goujon;1;nom
gothard;1;nr
gonflé;1;adj
gonflement;1;nom
goléa;1;nr
godard;1;nr
globule;1;nom
glissement;1;nom
glissant;1;adj
glaisher;1;nr
glaise;1;nom
gizèh;1;nr
giration;1;nom
girard;1;nr
gibraltar;1;nr
ghozo;1;nr
geôlier;1;nom
gesticuler;1;ver
georges;1;nr
geindre;1;nom
gazonnés;1;nr
gazeux;1;adj
gazelle;1;nom
gay;1;adj
gauchot;1;nr
garonne;1;nr
garlok;1;nr
gargousse;1;nr
gardien;1;nom
garde;1;nom
gardaia;1;nr
garapon;1;nr
gamin;1;nom
gaguer;1;nr
gagnant;1;nom
fût;1;nom
fétu;1;nom
féminin;1;adj
félicien;1;nr
fédération;1;nom
fécondité;1;nom
fâcheux;1;adj
fâcher;1;ver
furieux;1;adj
furie;1;nom
fumisterie;1;nom
fumerolle;1;nom
fumant;1;adj
fulminant;1;adj
fuligineux;1;adj
frêne;1;nom
fréquenté;1;adj
fréquent;1;adj
fréquemment;1;adv
frémir;1;ver
fructueux;1;adj
froncer;1;ver
froissement;1;nom
froidement;1;adv
frissonnant;1;adj
frire;1;ver
friends;1;nr
fraîchir;1;ver
fraîcheur;1;nom
frayer;1;ver
frappé;1;adj
franklin;1;nom
frange;1;nom
francolins;1;nr
franchise;1;nom
franchement;1;adv
franc_maçonnerie;1;nom
frai;1;nom
fragile;1;adj
foutre;1;ver
fousi;1;nr
fourrure;1;nom
fournaise;1;nom
fourmi;1;nom
fourche;1;nom
foulée;1;nom
foulure;1;nom
foullanes;1;nr
fouillis;1;nom
fougueux;1;adj
foudroyer;1;ver
fossile;1;nom
forward;1;nr
fortifié;1;adj
fortement;1;adv
formation;1;nom
forlanini;1;nr
forger;1;ver
forer;1;ver
for;1;nom
fonte;1;nom
fondre;1;ver
fonctionnements;1;nr
flûte;1;nom
fléchir;1;ver
flânerie;1;nom
flux;1;nom
flottille;1;nom
flotter;1;ver
flechter;1;nr
flammarion;1;nr
flageolant;1;adj
flacon;1;nom
fiévreux;1;adj
fièvre;1;nom
fièrement;1;adv
fixe;1;adj
fissure;1;nom
finlande;1;nr
finesse;1;nom
filant;1;adj
fidèle;1;adj
fibre;1;nom
fertile;1;adj
fermenté;1;adj
fer_blanc;1;nom
fenêtre;1;nom
faïence;1;nom
favori;1;nom
faux;1;adj
fauve;1;nom
fausser;1;ver
faure;1;nr
faucardement;1;nr
farine;1;nom
far_west;1;nom
faiblir;1;ver
faiblement;1;adv
faculté;1;nom
facilité;1;nom
facilement;1;adv
facie;1;nr
facette;1;nom
fabuleux;1;adj
fabricant;1;nom
exécuteur;1;nom
expérimenté;1;adj
explosible;1;nr
explorer;1;ver
exploitation;1;nom
exhaler;1;ver
excusable;1;adj
exciter;1;ver
excitation;1;nom
excessivement;1;adv
exceptionnel;1;adj
excentricité;1;nom
excelsior;1;nr
exaspérer;1;ver
exaspération;1;nom
examen;1;nom
ex;1;nr
eventail;1;nr
euphémisme;1;nom
etoile;1;nr
etna;1;nr
etaient;1;nr
esterno;1;nr
essentiel;1;adj
essai;1;nom
esquimau;1;nom
espérance;1;nom
espagnol;1;nom
espadon;1;nom
escrime;1;nom
escorter;1;ver
esclave;1;nom
escarpé;1;adj
escarpement;1;nom
errer;1;ver
environner;1;ver
environnant;1;adj
enviable;1;adj
enveloppé;1;adj
entêter;1;ver
entêtement;1;nom
entrouvrir;1;ver
entrouvert;1;adj
entretenu;1;adj
entreprendre;1;ver
entre_temps;1;adv
entrain;1;nom
ensoleillé;1;adj
enserrer;1;ver
engloutir;1;ver
enflammé;1;adj
enflammer;1;ver
enfance;1;nom
endémique;1;adj
endormir;1;ver
endormi;1;adj
encre;1;nom
encourager;1;ver
encourageant;1;adj
encombrer;1;ver
encastrer;1;ver
encapuchonné;1;adj
encadrement;1;nom
encablure;1;nom
emprisonner;1;ver
empresser;1;ver
empaqueter;1;ver
emmagasiné;1;adj
embouché;1;adj
embouchure;1;nom
emboucher;1;ver
embouchait;1;nr
embarrasser;1;ver
embarras;1;nom
embardée;1;nom
embarder;1;nr
eloy;1;nr
ellipsoïdale;1;nr
elie;1;nr
elbrouz;1;nr
egyptiens;1;nr
efs;1;nr
effroi;1;nom
effrayer;1;ver
effrayant;1;adj
efforcer;1;ver
effondrement;1;nom
effluences;1;nr
efficace;1;adj
effervescence;1;nom
ecosse;1;nr
ecole;1;nr
dîner;1;ver
dévolu;1;nom
dévoiler;1;ver
déviant;1;adj
détriplent;1;nr
détresse;1;nom
détour;1;nom
détonner;1;ver
détonaient;1;nr
détenu;1;nom
désormais;1;adv
désoler;1;ver
désolation;1;nom
désir;1;nom
désigner;1;ver
désignation;1;nom
désespérer;1;ver
désespoir;1;nom
désarroi;1;nom
désagréablement;1;adv
dérouter;1;ver
déroute;1;nom
déraper;1;ver
dépression;1;nom
dépouiller;1;ver
dépouille;1;nom
déploiement;1;nom
départager;1;ver
dénégation;1;nom
dénoncer;1;ver
démonterait;1;nr
démonter;1;ver
démocratique;1;adj
démenti;1;nom
démembrer;1;ver
démarche;1;nom
délire;1;nom
délai;1;nom
dégonflé;1;nom
défier;1;ver
déficelée;1;nr
déficeler;1;ver
défi;1;nom
défavorable;1;adj
déduire;1;ver
dédoublent;1;nr
dédale;1;nom
décréter;1;ver
décroître;1;ver
découronnées;1;nr
découpure;1;nom
découpage;1;nom
décomposer;1;ver
décliner;1;ver
déclinaison;1;nom
déchiré;1;adj
déchirer;1;ver
décharger;1;ver
débuter;1;ver
déborder;1;ver
débiter;1;ver
débattre;1;ver
débarquer;1;ver
dwalaghiri;1;nr
duveyrier;1;nr
durnont;1;nr
duponchel;1;nr
dune;1;nom
dudley;1;nr
duchesne;1;nr
dubochet;1;nr
dublin;1;nr
dressé;1;adj
draper;1;ver
drapeau;1;nom
douvres;1;nr
doullens;1;nr
douleur;1;nom
douceur;1;nom
douane;1;nom
dose;1;nom
dorénavant;1;adv
doré;1;adj
dorsal;1;adj
dorothée;1;nr
donjon;1;nom
donaldson;1;nr
dominant;1;adj
domesticité;1;nom
divulguer;1;ver
division;1;nom
diviniser;1;ver
divin;1;adj
diversion;1;nom
divergent;1;adj
district;1;nom
distinction;1;nom
distinct;1;adj
dispositif;1;nom
disponible;1;adj
disponibilité;1;nom
dispendieux;1;adj
discrétion;1;nom
dirigeurs;1;nr
dining;1;nr
dilatation;1;nom
dieuaide;1;nr
diaphane;1;adj
diane;1;nom
diamant;1;nom
diagramme;1;nom
dextrine;1;nr
deviner;1;ver
devancier;1;nom
dessécher;1;ver
desserrer;1;ver
dessaline;1;nr
dent;1;nom
dense;1;adj
denis;1;nr
deniau;1;nr
demi_journée;1;nom
demeuré;1;nom
degen;1;nr
dedit;1;nr
de_auditu_;1;nr
dawson;1;nr
davie;1;nr
david;1;nr
darmouth;1;nr
dard;1;nom
dante;1;nr
danser;1;ver
danjard;1;nr
danduran;1;nr
dandrieux;1;nr
dame;1;nom
dahomienne;1;nr
dahomien;1;nr
célébrité;1;nom
célibataire;1;nom
célibat;1;nom
cyprès;1;nom
cynique;1;adj
cylindrique;1;adj
cylindre;1;nom
cygne;1;nom
cuvette;1;nom
curiosité;1;nom
cultivé;1;adj
culotte;1;nom
culmination;1;nom
culer;1;ver
culbuter;1;ver
cuit;1;adj
cuire;1;ver
cuirassé;1;nom
créneau;1;nom
créature;1;nom
création;1;nom
créateur;1;nom
cruauté;1;nom
croître;1;ver
crosnier;1;nr
croisé;1;adj
crochet;1;nom
cristallin;1;nom
criard;1;adj
crevette;1;nom
crevant;1;adj
creuser;1;ver
creil;1;nr
cratère;1;nom
cra;1;nr
coûteux;1;adj
coxwell;1;nr
coutume;1;nom
course;1;nom
couronné;1;adj
courbure;1;nom
courber;1;ver
courbe;1;nom
couramment;1;adv
courageux;1;adj
coups_de_poing;1;nom
couple;1;nom
coulée;1;nom
couler;1;ver
couardise;1;nom
cotonnade;1;nom
coter;1;ver
corée;1;nr
corneille;1;nom
cordial;1;adj
corbeille;1;nom
coq_à_l_âne;1;nom
copier;1;ver
cooper;1;nr
convulsif;1;adj
convier;1;ver
convexe;1;adj
convertir;1;ver
convergence;1;nom
controversé;1;adj
controverse;1;nom
contribuer;1;ver
contrefort;1;nom
contraste;1;nom
contrariété;1;nom
contrarier;1;ver
contrairement;1;adv
contraindre;1;ver
contradictoire;1;adj
contradiction;1;nom
contradicteur;1;nom
contraction;1;nom
contractilité;1;nr
contourner;1;ver
contorsion;1;nom
continuel;1;adj
contingent;1;nom
contemplation;1;nom
conséquemment;1;adv
consumer;1;ver
constitution;1;nom
constantinople;1;nr
considération;1;nom
considérablement;1;adv
consacré;1;adj
consacrer;1;ver
conquérir;1;ver
connexité;1;nr
conjurer;1;ver
conifère;1;nom
congénère;1;nom
congrève;1;nr
confédération;1;nom
confortable;1;adj
confort;1;nom
confondu;1;adj
confirmer;1;ver
confiner;1;ver
configuration;1;nom
confiance;1;nom
confectionner;1;ver
confection;1;nom
conduite;1;nom
condenser;1;ver
condamnable;1;adj
concourir;1;ver
concluant;1;adj
concentrer;1;ver
comté;1;nom
compromis;1;nom
comprimé;1;nom
comprimer;1;ver
compositeur;1;nom
comporter;1;ver
compléter;1;ver
complimenter;1;ver
complication;1;nom
complexe;1;adj
compensation;1;nom
compendieux;1;nr
comparaître;1;ver
comparaison;1;nom
comparable;1;adj
company_;1;nr
communicatif;1;adj
commettre;1;ver
commercial;1;adj
commerce;1;nom
commenter;1;ver
commandement;1;nom
combinaison;1;nom
colorado;1;nr
colon;1;nom
colis;1;nom
coelumque;1;nr
cocotier;1;nom
coaliseraient;1;nr
clochette;1;nom
climatérique;1;adj
classer;1;ver
classe;1;nom
clarence;1;nr
clair;1;adj
civil;1;adj
citer;1;ver
cire;1;nom
circumpolaire;1;nr
circumnavigation;1;nom
cinquième;1;adj
cinquante_sixième;1;adj
ciment;1;nom
cigogne;1;nom
chéloniens;1;nr
chronométrer;1;ver
christiania;1;nom
choix;1;nom
choeur;1;nom
chimiste;1;nom
chimique;1;adj
chilien;1;adj
chili;1;nom
chiffonnier;1;nom
chick;1;nr
chicaner;1;ver
chez_soi;1;nom
chevauchée;1;nom
chevaucher;1;ver
chen;1;nr
chef_d_oeuvre;1;nom
chebka;1;nr
chat;1;nom
chaste;1;adj
chasseur;1;nom
charpenté;1;adj
charpente;1;nom
charnier;1;nom
charmant;1;adj
charles;1;nr
charivari;1;nom
chardannes;1;nr
charbon;1;nom
chapeau;1;nom
chantonner;1;ver
chanter;1;ver
changement;1;nom
champlain;1;nr
chalut;1;nom
chair;1;nom
cervelle;1;nom
cep;1;nom
cañons;1;nr
cavo;1;nr
caviar;1;nom
cauley;1;nr
catégorie;1;nom
cataclysme;1;nom
cassure;1;nom
casse_tête;1;nom
casa;1;nom
cartouchière;1;nom
cartographe;1;nom
carthage;1;nr
carrure;1;nom
carrer;1;ver
carolin;1;adj
carmin;1;nom
carlingford;1;nr
cargaison;1;nom
caresser;1;ver
cardinal;1;nom
carapace;1;nom
caractéristique;1;nom
carabine;1;nom
capuchon;1;nom
capricorne;1;nom
capitole;1;nom
candidat;1;nom
canard;1;nom
canadien;1;adj
camper;1;ver
camp;1;nom
cambuse;1;nom
cambridge;1;nr
calomnier;1;ver
calmant;1;nom
californie;1;nom
calebasse;1;nom
caisson;1;nom
caillé;1;adj
cahors;1;nom
cagniard;1;nr
café;1;nom
cadavérique;1;adj
cactus;1;nom
caboulistan;1;nr
cabotage;1;nom
cabo;1;nr
bône;1;nr
bête;1;adj
bêta;1;nom
bétail;1;nom
bénir;1;ver
bâillonner;1;ver
buter;1;ver
buste;1;nom
burnous;1;nom
buridan;1;nr
bungalow;1;nom
buffle;1;nom
buffalo;1;nom
brésil;1;nom
bréant;1;nr
brème;1;nom
brèche;1;nom
brutal;1;adj
brusquement;1;adv
brunswik;1;nr
brr;1;nr
broyer;1;ver
brougthon;1;nr
broncher;1;ver
brochure;1;nom
brochet;1;nom
britannique;1;adj
brisant;1;nom
brillant;1;adj
brillamment;1;adv
bright;1;nr
bridger;1;ver
bridge;1;nom
bretagne;1;nr
brecknocks;1;nr
brearey;1;nr
braver;1;ver
bravement;1;adv
brandir;1;ver
brahmapoutre;1;nr
brahmane;1;nom
boîtier;1;nom
bourrasque;1;nom
bourgogne;1;nom
bourget;1;nr
bourgade;1;nom
bourg;1;nom
bourde;1;nom
bourcart;1;nr
bouleau;1;nom
boule;1;nom
bouillonner;1;ver
bouillonnement;1;nom
bouillant;1;adj
bouger;1;ver
bouffée;1;nom
bouddha;1;nom
boucle;1;nom
boucherie;1;nom
borné;1;adj
borner;1;ver
borne;1;nom
bordée;1;nom
bordure;1;nom
border;1;ver
bordelais;1;adj
boisson;1;nom
boire;1;ver
boeuf;1;nom
blottir;1;ver
blond;1;nom
blink;1;nr
blaser;1;ver
blanchâtre;1;adj
blanchard;1;nr
bivacs;1;nr
bison;1;nom
biscoe;1;nr
birman;1;adj
binocle;1;nom
bijoux;1;nom
bienvenu;1;nom
bienveillant;1;adj
bienfait;1;nom
bichromate;1;nr
biche;1;nom
bibliothèque;1;nom
bible;1;nom
biaiser;1;ver
biaisant;1;nr
biais;1;nom
berge;1;nom
bercer;1;ver
berbère;1;adj
berblinger;1;nr
beni;1;nr
belonga;1;nr
belliqueux;1;adj
belgique;1;nom
begum;1;nr
bec;1;nom
beagle;1;nom
bayadère;1;nom
baudruche;1;nom
batterie;1;nom
batouta;1;nr
batelier;1;nom
bataillon;1;nom
bataille;1;nom
basilique;1;nom
baser;1;ver
barth;1;nr
barrage;1;nom
barnaches;1;nr
barbiche;1;nom
barbelé;1;adj
barbare;1;nom
baptême;1;nom
banque;1;nom
bandit;1;nom
baltique;1;adj
ballonneaux;1;nr
ballery;1;nr
ballast;1;nom
balkan;1;nr
baleinier;1;nom
balcon;1;nom
balayeur;1;nom
balançoire;1;nom
balancement;1;nom
bagage;1;nom
bade;1;nr
bacqueville;1;nr
babinet;1;nr
aérostatiques;1;nr
aéroscaphe;1;nr
aéronautique;1;nom
aéromotive;1;nr
avié;1;nr
aviser;1;ver
avidité;1;nom
aveugle;1;adj
aveu;1;nom
avenue;1;nom
aventureux;1;adj
avant_goût;1;nom
avaler;1;ver
autrichien;1;adj
autorité;1;nom
australien;1;adj
aun;1;nr
aukland;1;nr
auditeur;1;nom
audacieusement;1;adv
attitré;1;adj
atterrissage;1;nom
atteler;1;ver
attarder;1;ver
attache;1;nom
attabler;1;ver
atlantic;1;nr
atelier;1;nom
astéroïde;1;nom
assujettirent;1;nr
assouvissement;1;nom
assouvir;1;ver
assortiment;1;nom
assombrir;1;ver
associer;1;ver
assistant;1;nom
assistance;1;nom
asseoir;1;ver
assembler;1;ver
assaillir;1;ver
assaillant;1;nom
aspirer;1;ver
aspiration;1;nom
asphyxier;1;ver
asiatique;1;adj
aschantis;1;nr
artésiens;1;nr
articulé;1;adj
arsenal;1;nom
arroser;1;ver
arranger;1;ver
armèrent;1;nr
armature;1;nom
aride;1;adj
argenté;1;adj
argentifère;1;nr
arena;1;nr
ardoise;1;nom
ardent;1;adj
arctique;1;adj
archytas;1;nr
architecte;1;nom
archange;1;nom
arcade;1;nom
arc_bouter;1;ver
arbuste;1;nom
arborescent;1;adj
arbor;1;nr
aral;1;nr
apte;1;adj
apprêter;1;ver
apprécier;1;ver
appréciable;1;adj
approprié;1;adj
approprier;1;ver
applaudissement;1;nom
appenzel;1;nr
appellation;1;nom
apparemment;1;adv
apparaux;1;nom
apollon;1;nom
apocalyptique;1;adj
aplatissement;1;nom
aphone;1;adj
aoh;1;nr
antique;1;adj
antilope;1;nom
antibes;1;nr
anse;1;nom
anomalie;1;nom
annuellement;1;adv
annuel;1;adj
annecy;1;nr
animalcules;1;nr
angoisse;1;nom
anglo_saxons;1;nr
anglo_saxonnes;1;nr
anglo_saxonne;1;nr
ange;1;nom
andes;1;nr
and;1;nr
analogie;1;nom
amériqué;1;nr
aménité;1;nom
aménager;1;ver
ampère;1;nom
ampoulette;1;nr
amplement;1;adv
ample;1;adj
amphibie;1;adj
amour_propre;1;nom
amour;1;nom
amonceler;1;ver
amirauté;1;nom
amiens;1;nr
amidon;1;nom
amertume;1;nom
ambassadeur;1;nom
amasser;1;ver
amarrerait;1;nr
amarrer;1;ver
aléoutiens;1;nr
aluminium;1;nom
altérer;1;ver
altercation;1;nom
alouette;1;nom
allégement;1;nom
allumeur;1;nom
allongé;1;adj
allah;1;nr
alizé;1;nom
alimentation;1;nom
algébrique;1;adj
alexandre;1;nr
albany;1;nr
alaska;1;nr
alarmèrent;1;nr
alarmant;1;adj
ajusté;1;adj
ajustage;1;nom
aisé;1;adj
aisance;1;nom
aire;1;nom
ain;1;nr
aimanter;1;ver
ailé;1;adj
aillaient;1;nr
ailer;1;ver
aiguillonner;1;ver
aiguade;1;nom
ahurissement;1;nom
agrémenter;1;ver
agression;1;nom
agresseur;1;nom
agrandir;1;ver
agitation;1;nom
aggravation;1;nom
agglomération;1;nom
age;1;nom
affronter;1;ver
affre;1;nom
affolé;1;adj
affoler;1;ver
affolement;1;nom
affluence;1;nom
affirmerais;1;nr
affirmer;1;ver
affirmative;1;nom
affirmation;1;nom
affirmatif;1;adj
affiche;1;nom
affaiblir;1;ver
adélaïde;1;nr
adverbe;1;nom
adoucir;1;ver
adorer;1;ver
adorateur;1;nom
adopter;1;ver
admiratif;1;adj
admirablement;1;adv
adjoint;1;nom
adjacent;1;adj
adams;1;nr
ad_hoc;1;adj
actionnaire;1;nom
acrimonie;1;nom
acquérir;1;ver
acquitter;1;ver
acquisition;1;nom
achèvement;1;nom
acheter;1;ver
achenbach;1;nr
accès;1;nom
accumulation;1;nom
acculer;1;ver
accoutrement;1;nom
accoter;1;ver
accoster;1;ver
accommoder;1;ver
acclamer;1;ver
acclamation;1;nom
accidentaient;1;nr
accessoirement;1;adv
accessoire;1;nom
accessible;1;adj
acceptable;1;adj
accent;1;nom
académie;1;nom
abîmer;1;ver
abuser;1;ver
abstenir;1;ver
absinthe;1;nom
absenter;1;ver
absence;1;nom
abrupt;1;adj
abriter;1;ver
abominable;1;adj
abo;1;nr
abeille;1;nom
abd;1;nr
abasourdir;1;ver
abaissement;1;nom
abaissant;1;adj
_walton;1;nr
_two;1;nr
_sainte;1;nr
_os;1;nr
_l;1;nr
_inviti;1;nr
_harlots;1;nr
_de_auditu;1;nr
_daily;1;nr
_canis;1;nr